image_id,blur_path,sharp_path,rl_path,blur_level,estimated_angle,estimated_kernel_length,blur_detection_count,rl_detection_count,sharp_detection_count,blur_avg_conf,rl_avg_conf,sharp_avg_conf,blur_runtime_sec,rl_runtime_sec,sharp_runtime_sec
173183,C:\Users\User\comp6001_assignment1\data\raw\cocoblur\val2017\000000173183.jpg,C:\Users\User\comp6001_assignment1\data\raw\coco2017\val2017\000000173183.jpg,C:\Users\User\comp6001_assignment1\data\processed\coco_rl_restored\173183.jpg,low_blur,-45.0,9,0,0,0,0.0,0.0,0.0,4.281161699999757,0.05995119999988674,0.05693840000003547
297681,C:\Users\User\comp6001_assignment1\data\raw\cocoblur\val2017\000000297681.jpg,C:\Users\User\comp6001_assignment1\data\raw\coco2017\val2017\000000297681.jpg,C:\Users\User\comp6001_assignment1\data\processed\coco_rl_restored\297681.jpg,medium_blur,-1.0,9,2,3,2,0.5552932024002075,0.33759334683418274,0.5552932024002075,0.7643734000002951,0.10368090000065422,0.08035470000049827
306733,C:\Users\User\comp6001_assignment1\data\raw\cocoblur\val2017\000000306733.jpg,C:\Users\User\comp6001_assignment1\data\raw\coco2017\val2017\000000306733.jpg,C:\Users\User\comp6001_assignment1\data\processed\coco_rl_restored\306733.jpg,medium_blur,-11.500003814697266,9,3,3,3,0.5678618550300598,0.44112133979797363,0.5678618550300598,0.13518269999985932,0.140013899999758,0.15564249999988533
125806,C:\Users\User\comp6001_assignment1\data\raw\cocoblur\val2017\000000125806.jpg,C:\Users\User\comp6001_assignment1\data\raw\coco2017\val2017\000000125806.jpg,C:\Users\User\comp6001_assignment1\data\processed\coco_rl_restored\125806.jpg,low_blur,-45.0,9,3,2,3,0.5103447437286377,0.7859886884689331,0.5103447437286377,0.2629756999995152,0.0788155000000188,0.08889720000024681
82807,C:\Users\User\comp6001_assignment1\data\raw\cocoblur\val2017\000000082807.jpg,C:\Users\User\comp6001_assignment1\data\raw\coco2017\val2017\000000082807.jpg,C:\Users\User\comp6001_assignment1\data\processed\coco_rl_restored\82807.jpg,high_blur,-45.0,9,3,2,3,0.5369355082511902,0.5649828314781189,0.5369355082511902,0.41485670000020036,0.07309970000005706,0.09784450000006473
10977,C:\Users\User\comp6001_assignment1\data\raw\cocoblur\val2017\000000010977.jpg,C:\Users\User\comp6001_assignment1\data\raw\coco2017\val2017\000000010977.jpg,C:\Users\User\comp6001_assignment1\data\processed\coco_rl_restored\10977.jpg,high_blur,0.0,9,4,2,4,0.5240150094032288,0.6256142258644104,0.5240150094032288,0.1297076000000743,0.0835650999997597,0.11995329999990645
67180,C:\Users\User\comp6001_assignment1\data\raw\cocoblur\val2017\000000067180.jpg,C:\Users\User\comp6001_assignment1\data\raw\coco2017\val2017\000000067180.jpg,C:\Users\User\comp6001_assignment1\data\processed\coco_rl_restored\67180.jpg,low_blur,-45.0,9,2,1,2,0.6162430047988892,0.7864153385162354,0.6162430047988892,0.3502440000002025,0.1052932000002329,0.11486080000031507
286708,C:\Users\User\comp6001_assignment1\data\raw\cocoblur\val2017\000000286708.jpg,C:\Users\User\comp6001_assignment1\data\raw\coco2017\val2017\000000286708.jpg,C:\Users\User\comp6001_assignment1\data\processed\coco_rl_restored\286708.jpg,medium_blur,45.0,9,1,1,1,0.7220604419708252,0.7676859498023987,0.7220604419708252,0.3206302999997206,0.09656210000048304,0.135811800000738
280325,C:\Users\User\comp6001_assignment1\data\raw\cocoblur\val2017\000000280325.jpg,C:\Users\User\comp6001_assignment1\data\raw\coco2017\val2017\000000280325.jpg,C:\Users\User\comp6001_assignment1\data\processed\coco_rl_restored\280325.jpg,low_blur,-45.0,9,2,0,2,0.5972381234169006,0.0,0.5972381234169006,0.11553339999954915,0.07456629999978759,0.10879540000041743
183716,C:\Users\User\comp6001_assignment1\data\raw\cocoblur\val2017\000000183716.jpg,C:\Users\User\comp6001_assignment1\data\raw\coco2017\val2017\000000183716.jpg,C:\Users\User\comp6001_assignment1\data\processed\coco_rl_restored\183716.jpg,high_blur,-31.0,9,4,3,4,0.661844789981842,0.6980311870574951,0.661844789981842,0.19986509999944246,0.15518630000042322,0.13819490000059886
286507,C:\Users\User\comp6001_assignment1\data\raw\cocoblur\val2017\000000286507.jpg,C:\Users\User\comp6001_assignment1\data\raw\coco2017\val2017\000000286507.jpg,C:\Users\User\comp6001_assignment1\data\processed\coco_rl_restored\286507.jpg,medium_blur,-1.5000038146972656,9,1,1,1,0.8632217645645142,0.8022903203964233,0.8632217645645142,0.10835109999970882,0.09851239999989048,0.09316390000003594
23666,C:\Users\User\comp6001_assignment1\data\raw\cocoblur\val2017\000000023666.jpg,C:\Users\User\comp6001_assignment1\data\raw\coco2017\val2017\000000023666.jpg,C:\Users\User\comp6001_assignment1\data\processed\coco_rl_restored\23666.jpg,high_blur,-87.0,9,1,1,1,0.6784647107124329,0.5392564535140991,0.6784647107124329,0.16430980000041018,0.10708200000044599,0.11270119999971939
108244,C:\Users\User\comp6001_assignment1\data\raw\cocoblur\val2017\000000108244.jpg,C:\Users\User\comp6001_assignment1\data\raw\coco2017\val2017\000000108244.jpg,C:\Users\User\comp6001_assignment1\data\processed\coco_rl_restored\108244.jpg,high_blur,-45.0,9,2,3,2,0.6247331500053406,0.5399642586708069,0.6247331500053406,0.09133320000000822,0.10904209999989689,0.07946780000020226
92660,C:\Users\User\comp6001_assignment1\data\raw\cocoblur\val2017\000000092660.jpg,C:\Users\User\comp6001_assignment1\data\raw\coco2017\val2017\000000092660.jpg,C:\Users\User\comp6001_assignment1\data\processed\coco_rl_restored\92660.jpg,medium_blur,-3.814697265625e-06,9,8,4,8,0.39061853289604187,0.3738839626312256,0.39061853289604187,0.10473989999991318,0.07914429999982531,0.08924990000014077
350003,C:\Users\User\comp6001_assignment1\data\raw\cocoblur\val2017\000000350003.jpg,C:\Users\User\comp6001_assignment1\data\raw\coco2017\val2017\000000350003.jpg,C:\Users\User\comp6001_assignment1\data\processed\coco_rl_restored\350003.jpg,low_blur,-10.000007629394531,9,4,3,4,0.6609041690826416,0.4876542091369629,0.6609041690826416,0.12228549999963434,0.13109979999990173,0.11781780000001163
410487,C:\Users\User\comp6001_assignment1\data\raw\cocoblur\val2017\000000410487.jpg,C:\Users\User\comp6001_assignment1\data\raw\coco2017\val2017\000000410487.jpg,C:\Users\User\comp6001_assignment1\data\processed\coco_rl_restored\410487.jpg,low_blur,-73.5,9,2,0,2,0.3302573561668396,0.0,0.3302573561668396,0.4665420000001177,0.08290539999961766,0.10653309999997873
127517,C:\Users\User\comp6001_assignment1\data\raw\cocoblur\val2017\000000127517.jpg,C:\Users\User\comp6001_assignment1\data\raw\coco2017\val2017\000000127517.jpg,C:\Users\User\comp6001_assignment1\data\processed\coco_rl_restored\127517.jpg,low_blur,4.499996185302734,9,10,5,10,0.7695861458778381,0.7151734232902527,0.7695861458778381,0.27539969999997993,0.23211220000030153,0.2579318999996758
386879,C:\Users\User\comp6001_assignment1\data\raw\cocoblur\val2017\000000386879.jpg,C:\Users\User\comp6001_assignment1\data\raw\coco2017\val2017\000000386879.jpg,C:\Users\User\comp6001_assignment1\data\processed\coco_rl_restored\386879.jpg,medium_blur,-45.0,9,2,2,2,0.7537484169006348,0.79439377784729,0.7537484169006348,0.18585480000001553,0.14877290000003995,0.12471189999996568
199442,C:\Users\User\comp6001_assignment1\data\raw\cocoblur\val2017\000000199442.jpg,C:\Users\User\comp6001_assignment1\data\raw\coco2017\val2017\000000199442.jpg,C:\Users\User\comp6001_assignment1\data\processed\coco_rl_restored\199442.jpg,low_blur,5.5,9,2,1,2,0.7178491353988647,0.6370116472244263,0.7178491353988647,0.12535900000057154,0.12135769999986223,0.09654140000020561
128598,C:\Users\User\comp6001_assignment1\data\raw\cocoblur\val2017\000000128598.jpg,C:\Users\User\comp6001_assignment1\data\raw\coco2017\val2017\000000128598.jpg,C:\Users\User\comp6001_assignment1\data\processed\coco_rl_restored\128598.jpg,high_blur,-40.500003814697266,9,13,12,13,0.48277461528778076,0.47277089953422546,0.48277461528778076,0.23843339999984892,0.22119519999978365,0.22322859999985667
109827,C:\Users\User\comp6001_assignment1\data\raw\cocoblur\val2017\000000109827.jpg,C:\Users\User\comp6001_assignment1\data\raw\coco2017\val2017\000000109827.jpg,C:\Users\User\comp6001_assignment1\data\processed\coco_rl_restored\109827.jpg,low_blur,2.9999923706054688,9,1,1,1,0.8699029088020325,0.32308050990104675,0.8699029088020325,0.11376100000052247,0.09575549999954092,0.0922521999991659
353027,C:\Users\User\comp6001_assignment1\data\raw\cocoblur\val2017\000000353027.jpg,C:\Users\User\comp6001_assignment1\data\raw\coco2017\val2017\000000353027.jpg,C:\Users\User\comp6001_assignment1\data\processed\coco_rl_restored\353027.jpg,high_blur,1.9999923706054688,9,1,2,1,0.3081390857696533,0.3745976686477661,0.3081390857696533,0.10074979999990319,0.1365114000000176,0.1188324000004286
131938,C:\Users\User\comp6001_assignment1\data\raw\cocoblur\val2017\000000131938.jpg,C:\Users\User\comp6001_assignment1\data\raw\coco2017\val2017\000000131938.jpg,C:\Users\User\comp6001_assignment1\data\processed\coco_rl_restored\131938.jpg,medium_blur,59.0,9,2,2,2,0.48060548305511475,0.4024568200111389,0.48060548305511475,0.10715989999971498,0.07522379999954865,0.08590679999997519
74860,C:\Users\User\comp6001_assignment1\data\raw\cocoblur\val2017\000000074860.jpg,C:\Users\User\comp6001_assignment1\data\raw\coco2017\val2017\000000074860.jpg,C:\Users\User\comp6001_assignment1\data\processed\coco_rl_restored\74860.jpg,high_blur,0.0,9,2,2,2,0.8291689157485962,0.8111695051193237,0.8291689157485962,0.08225840000068274,0.08178349999980128,0.08646249999947031
554838,C:\Users\User\comp6001_assignment1\data\raw\cocoblur\val2017\000000554838.jpg,C:\Users\User\comp6001_assignment1\data\raw\coco2017\val2017\000000554838.jpg,C:\Users\User\comp6001_assignment1\data\processed\coco_rl_restored\554838.jpg,high_blur,45.0,9,4,4,4,0.6074013113975525,0.35508978366851807,0.6074013113975525,0.1721704999999929,0.16494700000021112,0.12587579999944865
57149,C:\Users\User\comp6001_assignment1\data\raw\cocoblur\val2017\000000057149.jpg,C:\Users\User\comp6001_assignment1\data\raw\coco2017\val2017\000000057149.jpg,C:\Users\User\comp6001_assignment1\data\processed\coco_rl_restored\57149.jpg,medium_blur,0.9999923706054688,9,4,2,4,0.4855831265449524,0.6283823251724243,0.4855831265449524,0.13227090000054886,0.10550929999953951,0.13092859999960638
469828,C:\Users\User\comp6001_assignment1\data\raw\cocoblur\val2017\000000469828.jpg,C:\Users\User\comp6001_assignment1\data\raw\coco2017\val2017\000000469828.jpg,C:\Users\User\comp6001_assignment1\data\processed\coco_rl_restored\469828.jpg,medium_blur,2.9999923706054688,9,1,2,1,0.8088564276695251,0.6166864633560181,0.8088564276695251,0.10157399999934569,0.12287849999938771,0.10974180000084743
35963,C:\Users\User\comp6001_assignment1\data\raw\cocoblur\val2017\000000035963.jpg,C:\Users\User\comp6001_assignment1\data\raw\coco2017\val2017\000000035963.jpg,C:\Users\User\comp6001_assignment1\data\processed\coco_rl_restored\35963.jpg,low_blur,-45.0,9,2,0,2,0.6218750476837158,0.0,0.6218750476837158,0.22017440000036004,0.058347000000139815,0.05855789999986882
545730,C:\Users\User\comp6001_assignment1\data\raw\cocoblur\val2017\000000545730.jpg,C:\Users\User\comp6001_assignment1\data\raw\coco2017\val2017\000000545730.jpg,C:\Users\User\comp6001_assignment1\data\processed\coco_rl_restored\545730.jpg,low_blur,-2.0000076293945312,9,8,6,8,0.6714414358139038,0.6158239245414734,0.6714414358139038,0.06275430000005144,0.06524999999965075,0.07253260000015871
54967,C:\Users\User\comp6001_assignment1\data\raw\cocoblur\val2017\000000054967.jpg,C:\Users\User\comp6001_assignment1\data\raw\coco2017\val2017\000000054967.jpg,C:\Users\User\comp6001_assignment1\data\processed\coco_rl_restored\54967.jpg,low_blur,45.0,9,12,4,12,0.5089666843414307,0.4898827373981476,0.5089666843414307,0.1108154999992621,0.08538050000061048,0.11296940000011091
226130,C:\Users\User\comp6001_assignment1\data\raw\cocoblur\val2017\000000226130.jpg,C:\Users\User\comp6001_assignment1\data\raw\coco2017\val2017\000000226130.jpg,C:\Users\User\comp6001_assignment1\data\processed\coco_rl_restored\226130.jpg,high_blur,-22.50000762939453,9,1,1,1,0.4781481921672821,0.5851380228996277,0.4781481921672821,0.10901359999934357,0.10070319999977073,0.1266750000004322
44260,C:\Users\User\comp6001_assignment1\data\raw\cocoblur\val2017\000000044260.jpg,C:\Users\User\comp6001_assignment1\data\raw\coco2017\val2017\000000044260.jpg,C:\Users\User\comp6001_assignment1\data\processed\coco_rl_restored\44260.jpg,medium_blur,40.499996185302734,9,0,0,0,0.0,0.0,0.0,0.0985740000005535,0.23009749999982887,0.047297099999923375
563702,C:\Users\User\comp6001_assignment1\data\raw\cocoblur\val2017\000000563702.jpg,C:\Users\User\comp6001_assignment1\data\raw\coco2017\val2017\000000563702.jpg,C:\Users\User\comp6001_assignment1\data\processed\coco_rl_restored\563702.jpg,low_blur,0.9999961853027344,9,5,1,5,0.5347436666488647,0.35280799865722656,0.5347436666488647,0.07015579999915644,0.05326160000004165,0.077413300000444
566042,C:\Users\User\comp6001_assignment1\data\raw\cocoblur\val2017\000000566042.jpg,C:\Users\User\comp6001_assignment1\data\raw\coco2017\val2017\000000566042.jpg,C:\Users\User\comp6001_assignment1\data\processed\coco_rl_restored\566042.jpg,medium_blur,45.0,9,5,2,5,0.5429638624191284,0.6544280648231506,0.5429638624191284,0.12002399999983027,0.08719279999968421,0.1311390000000756
200961,C:\Users\User\comp6001_assignment1\data\raw\cocoblur\val2017\000000200961.jpg,C:\Users\User\comp6001_assignment1\data\raw\coco2017\val2017\000000200961.jpg,C:\Users\User\comp6001_assignment1\data\processed\coco_rl_restored\200961.jpg,medium_blur,-12.500007629394531,9,4,4,4,0.6696312427520752,0.6394149661064148,0.6696312427520752,0.2050400999996782,0.15005160000055184,0.17734269999982644
290771,C:\Users\User\comp6001_assignment1\data\raw\cocoblur\val2017\000000290771.jpg,C:\Users\User\comp6001_assignment1\data\raw\coco2017\val2017\000000290771.jpg,C:\Users\User\comp6001_assignment1\data\processed\coco_rl_restored\290771.jpg,low_blur,6.0,9,7,4,7,0.5277464985847473,0.5113711953163147,0.5277464985847473,0.09084549999988667,0.08118579999973008,0.0714509999997972
415716,C:\Users\User\comp6001_assignment1\data\raw\cocoblur\val2017\000000415716.jpg,C:\Users\User\comp6001_assignment1\data\raw\coco2017\val2017\000000415716.jpg,C:\Users\User\comp6001_assignment1\data\processed\coco_rl_restored\415716.jpg,high_blur,-13.000007629394531,9,6,5,6,0.6132298111915588,0.5234553217887878,0.6132298111915588,0.15949080000063987,0.13931750000028842,0.15733600000021397
499622,C:\Users\User\comp6001_assignment1\data\raw\cocoblur\val2017\000000499622.jpg,C:\Users\User\comp6001_assignment1\data\raw\coco2017\val2017\000000499622.jpg,C:\Users\User\comp6001_assignment1\data\processed\coco_rl_restored\499622.jpg,medium_blur,45.0,9,2,1,2,0.5619621872901917,0.7576397657394409,0.5619621872901917,0.3579258999998274,0.1395431999999346,0.14090820000001258
578093,C:\Users\User\comp6001_assignment1\data\raw\cocoblur\val2017\000000578093.jpg,C:\Users\User\comp6001_assignment1\data\raw\coco2017\val2017\000000578093.jpg,C:\Users\User\comp6001_assignment1\data\processed\coco_rl_restored\578093.jpg,low_blur,14.499992370605469,9,1,1,1,0.8993894457817078,0.8479809165000916,0.8993894457817078,0.12323800000012852,0.14607359999990877,0.12282409999988886
240940,C:\Users\User\comp6001_assignment1\data\raw\cocoblur\val2017\000000240940.jpg,C:\Users\User\comp6001_assignment1\data\raw\coco2017\val2017\000000240940.jpg,C:\Users\User\comp6001_assignment1\data\processed\coco_rl_restored\240940.jpg,low_blur,-86.5,9,4,3,4,0.5880341529846191,0.501062273979187,0.5880341529846191,0.15615059999981895,0.13227240000014717,0.16580480000084208
416745,C:\Users\User\comp6001_assignment1\data\raw\cocoblur\val2017\000000416745.jpg,C:\Users\User\comp6001_assignment1\data\raw\coco2017\val2017\000000416745.jpg,C:\Users\User\comp6001_assignment1\data\processed\coco_rl_restored\416745.jpg,high_blur,-89.0,9,2,1,2,0.6598286628723145,0.8128502368927002,0.6598286628723145,0.17675559999952384,0.11364050000065617,0.13518050000038784
475779,C:\Users\User\comp6001_assignment1\data\raw\cocoblur\val2017\000000475779.jpg,C:\Users\User\comp6001_assignment1\data\raw\coco2017\val2017\000000475779.jpg,C:\Users\User\comp6001_assignment1\data\processed\coco_rl_restored\475779.jpg,low_blur,45.0,9,1,1,1,0.9106959700584412,0.9083001613616943,0.9106959700584412,0.1278840000004493,0.1236256999991383,0.13973220000025321
2473,C:\Users\User\comp6001_assignment1\data\raw\cocoblur\val2017\000000002473.jpg,C:\Users\User\comp6001_assignment1\data\raw\coco2017\val2017\000000002473.jpg,C:\Users\User\comp6001_assignment1\data\processed\coco_rl_restored\2473.jpg,medium_blur,2.4999923706054688,9,3,2,3,0.7519629001617432,0.6385835409164429,0.7519629001617432,0.15945389999978943,0.1481064999998125,0.14367220000076486
6771,C:\Users\User\comp6001_assignment1\data\raw\cocoblur\val2017\000000006771.jpg,C:\Users\User\comp6001_assignment1\data\raw\coco2017\val2017\000000006771.jpg,C:\Users\User\comp6001_assignment1\data\processed\coco_rl_restored\6771.jpg,high_blur,-19.50000762939453,9,8,9,8,0.6331602931022644,0.5848078727722168,0.6331602931022644,0.2397080000000642,0.2374617000004946,0.20495370000026014
98497,C:\Users\User\comp6001_assignment1\data\raw\cocoblur\val2017\000000098497.jpg,C:\Users\User\comp6001_assignment1\data\raw\coco2017\val2017\000000098497.jpg,C:\Users\User\comp6001_assignment1\data\processed\coco_rl_restored\98497.jpg,low_blur,22.999996185302734,9,3,0,3,0.41893601417541504,0.0,0.41893601417541504,0.175194499999634,0.09461920000012469,0.1480533000003561
453708,C:\Users\User\comp6001_assignment1\data\raw\cocoblur\val2017\000000453708.jpg,C:\Users\User\comp6001_assignment1\data\raw\coco2017\val2017\000000453708.jpg,C:\Users\User\comp6001_assignment1\data\processed\coco_rl_restored\453708.jpg,high_blur,-20.50000762939453,9,10,6,10,0.5546251535415649,0.5582828521728516,0.5546251535415649,0.319598600000063,0.18428250000033586,0.1954148000004352
438876,C:\Users\User\comp6001_assignment1\data\raw\cocoblur\val2017\000000438876.jpg,C:\Users\User\comp6001_assignment1\data\raw\coco2017\val2017\000000438876.jpg,C:\Users\User\comp6001_assignment1\data\processed\coco_rl_restored\438876.jpg,medium_blur,0.4999961853027344,9,3,3,3,0.7375800609588623,0.6577463150024414,0.7375800609588623,0.07215879999967001,0.0986365000007936,0.12684730000000854
537964,C:\Users\User\comp6001_assignment1\data\raw\cocoblur\val2017\000000537964.jpg,C:\Users\User\comp6001_assignment1\data\raw\coco2017\val2017\000000537964.jpg,C:\Users\User\comp6001_assignment1\data\processed\coco_rl_restored\537964.jpg,low_blur,45.0,9,1,1,1,0.904327929019928,0.887213945388794,0.904327929019928,0.06395350000002509,0.10192340000048716,0.09793739999986428
365642,C:\Users\User\comp6001_assignment1\data\raw\cocoblur\val2017\000000365642.jpg,C:\Users\User\comp6001_assignment1\data\raw\coco2017\val2017\000000365642.jpg,C:\Users\User\comp6001_assignment1\data\processed\coco_rl_restored\365642.jpg,high_blur,-11.500003814697266,9,9,5,9,0.4577459692955017,0.5509594082832336,0.4577459692955017,0.12803079999957845,0.07885290000012901,0.08106480000060401
307658,C:\Users\User\comp6001_assignment1\data\raw\cocoblur\val2017\000000307658.jpg,C:\Users\User\comp6001_assignment1\data\raw\coco2017\val2017\000000307658.jpg,C:\Users\User\comp6001_assignment1\data\processed\coco_rl_restored\307658.jpg,low_blur,-45.0,9,1,1,1,0.8335311412811279,0.9161030054092407,0.8335311412811279,0.06386670000028971,0.0776095000001078,0.0684361000003264
535253,C:\Users\User\comp6001_assignment1\data\raw\cocoblur\val2017\000000535253.jpg,C:\Users\User\comp6001_assignment1\data\raw\coco2017\val2017\000000535253.jpg,C:\Users\User\comp6001_assignment1\data\processed\coco_rl_restored\535253.jpg,high_blur,45.0,9,1,0,1,0.38905587792396545,0.0,0.38905587792396545,0.09251300000050833,0.08668779999970866,0.08516789999976027
537270,C:\Users\User\comp6001_assignment1\data\raw\cocoblur\val2017\000000537270.jpg,C:\Users\User\comp6001_assignment1\data\raw\coco2017\val2017\000000537270.jpg,C:\Users\User\comp6001_assignment1\data\processed\coco_rl_restored\537270.jpg,high_blur,-45.0,9,10,10,10,0.5494241714477539,0.49515265226364136,0.5494241714477539,0.08935829999973066,0.1378420000000915,0.12295419999918522
284725,C:\Users\User\comp6001_assignment1\data\raw\cocoblur\val2017\000000284725.jpg,C:\Users\User\comp6001_assignment1\data\raw\coco2017\val2017\000000284725.jpg,C:\Users\User\comp6001_assignment1\data\processed\coco_rl_restored\284725.jpg,low_blur,0.4999961853027344,9,6,3,6,0.5950083136558533,0.7488263249397278,0.5950083136558533,0.1238348999995651,0.08658039999954781,0.10190420000071754
329319,C:\Users\User\comp6001_assignment1\data\raw\cocoblur\val2017\000000329319.jpg,C:\Users\User\comp6001_assignment1\data\raw\coco2017\val2017\000000329319.jpg,C:\Users\User\comp6001_assignment1\data\processed\coco_rl_restored\329319.jpg,medium_blur,-45.0,9,2,2,2,0.5122709274291992,0.5671481490135193,0.5122709274291992,0.10757580000063172,0.0715580999994927,0.08251300000029005
134689,C:\Users\User\comp6001_assignment1\data\raw\cocoblur\val2017\000000134689.jpg,C:\Users\User\comp6001_assignment1\data\raw\coco2017\val2017\000000134689.jpg,C:\Users\User\comp6001_assignment1\data\processed\coco_rl_restored\134689.jpg,low_blur,45.0,9,1,2,1,0.8554895520210266,0.5689406394958496,0.8554895520210266,0.09037720000014815,0.08895839999968302,0.14288099999976112
356432,C:\Users\User\comp6001_assignment1\data\raw\cocoblur\val2017\000000356432.jpg,C:\Users\User\comp6001_assignment1\data\raw\coco2017\val2017\000000356432.jpg,C:\Users\User\comp6001_assignment1\data\processed\coco_rl_restored\356432.jpg,medium_blur,-7.0,9,3,3,3,0.7770478129386902,0.763085126876831,0.7770478129386902,0.4404016999997111,0.08014029999958439,0.14430590000029042
130579,C:\Users\User\comp6001_assignment1\data\raw\cocoblur\val2017\000000130579.jpg,C:\Users\User\comp6001_assignment1\data\raw\coco2017\val2017\000000130579.jpg,C:\Users\User\comp6001_assignment1\data\processed\coco_rl_restored\130579.jpg,medium_blur,-3.5000076293945312,9,2,3,2,0.9001741409301758,0.7090255618095398,0.9001741409301758,0.4569895999993605,0.10245469999972556,0.08789490000071964
17115,C:\Users\User\comp6001_assignment1\data\raw\cocoblur\val2017\000000017115.jpg,C:\Users\User\comp6001_assignment1\data\raw\coco2017\val2017\000000017115.jpg,C:\Users\User\comp6001_assignment1\data\processed\coco_rl_restored\17115.jpg,low_blur,-45.0,9,2,2,2,0.9032115936279297,0.8615528345108032,0.9032115936279297,0.08496560000003228,0.06493589999990945,0.07652510000025359
190648,C:\Users\User\comp6001_assignment1\data\raw\cocoblur\val2017\000000190648.jpg,C:\Users\User\comp6001_assignment1\data\raw\coco2017\val2017\000000190648.jpg,C:\Users\User\comp6001_assignment1\data\processed\coco_rl_restored\190648.jpg,high_blur,7.499992370605469,9,2,2,2,0.6906698942184448,0.6447781324386597,0.6906698942184448,0.07868839999991906,0.09051010000075621,0.09841770000002725
296317,C:\Users\User\comp6001_assignment1\data\raw\cocoblur\val2017\000000296317.jpg,C:\Users\User\comp6001_assignment1\data\raw\coco2017\val2017\000000296317.jpg,C:\Users\User\comp6001_assignment1\data\processed\coco_rl_restored\296317.jpg,medium_blur,2.9999923706054688,9,5,2,5,0.48832201957702637,0.5764480829238892,0.48832201957702637,0.16175269999985176,0.06956819999959407,0.07091309999941586
275392,C:\Users\User\comp6001_assignment1\data\raw\cocoblur\val2017\000000275392.jpg,C:\Users\User\comp6001_assignment1\data\raw\coco2017\val2017\000000275392.jpg,C:\Users\User\comp6001_assignment1\data\processed\coco_rl_restored\275392.jpg,medium_blur,45.0,9,2,2,2,0.8419432640075684,0.8439648151397705,0.8419432640075684,0.17819890000009764,0.11520019999989017,0.09667660000013711
509014,C:\Users\User\comp6001_assignment1\data\raw\cocoblur\val2017\000000509014.jpg,C:\Users\User\comp6001_assignment1\data\raw\coco2017\val2017\000000509014.jpg,C:\Users\User\comp6001_assignment1\data\processed\coco_rl_restored\509014.jpg,medium_blur,2.9999923706054688,9,17,9,17,0.45704182982444763,0.4317656457424164,0.45704182982444763,0.35755779999999504,0.10861370000020543,0.11465190000035363
491867,C:\Users\User\comp6001_assignment1\data\raw\cocoblur\val2017\000000491867.jpg,C:\Users\User\comp6001_assignment1\data\raw\coco2017\val2017\000000491867.jpg,C:\Users\User\comp6001_assignment1\data\processed\coco_rl_restored\491867.jpg,high_blur,-81.0,9,5,5,5,0.7142978310585022,0.6938762068748474,0.7142978310585022,0.05778879999979836,0.0653933000003235,0.06899959999918792
449312,C:\Users\User\comp6001_assignment1\data\raw\cocoblur\val2017\000000449312.jpg,C:\Users\User\comp6001_assignment1\data\raw\coco2017\val2017\000000449312.jpg,C:\Users\User\comp6001_assignment1\data\processed\coco_rl_restored\449312.jpg,high_blur,-6.0,9,2,2,2,0.7889263033866882,0.6853517293930054,0.7889263033866882,0.0663445000000138,0.051924200000030396,0.07817890000023908
2149,C:\Users\User\comp6001_assignment1\data\raw\cocoblur\val2017\000000002149.jpg,C:\Users\User\comp6001_assignment1\data\raw\coco2017\val2017\000000002149.jpg,C:\Users\User\comp6001_assignment1\data\processed\coco_rl_restored\2149.jpg,high_blur,0.0,13,3,1,3,0.6954427361488342,0.25343582034111023,0.6954427361488342,0.17909049999980198,0.127352499999688,0.15532050000001618
304180,C:\Users\User\comp6001_assignment1\data\raw\cocoblur\val2017\000000304180.jpg,C:\Users\User\comp6001_assignment1\data\raw\coco2017\val2017\000000304180.jpg,C:\Users\User\comp6001_assignment1\data\processed\coco_rl_restored\304180.jpg,medium_blur,-1.0,9,5,2,5,0.6268014907836914,0.8932621479034424,0.6268014907836914,0.2568900999995094,0.16116240000064863,0.22383520000039425
384949,C:\Users\User\comp6001_assignment1\data\raw\cocoblur\val2017\000000384949.jpg,C:\Users\User\comp6001_assignment1\data\raw\coco2017\val2017\000000384949.jpg,C:\Users\User\comp6001_assignment1\data\processed\coco_rl_restored\384949.jpg,low_blur,0.0,9,3,2,3,0.520458996295929,0.4924722909927368,0.520458996295929,0.2152047000008679,0.16462389999924198,0.13972349999949074
255912,C:\Users\User\comp6001_assignment1\data\raw\cocoblur\val2017\000000255912.jpg,C:\Users\User\comp6001_assignment1\data\raw\coco2017\val2017\000000255912.jpg,C:\Users\User\comp6001_assignment1\data\processed\coco_rl_restored\255912.jpg,low_blur,-3.5000076293945312,9,2,0,2,0.27457308769226074,0.0,0.27457308769226074,0.6130301000002873,0.06778080000003683,0.0732122999997955
426836,C:\Users\User\comp6001_assignment1\data\raw\cocoblur\val2017\000000426836.jpg,C:\Users\User\comp6001_assignment1\data\raw\coco2017\val2017\000000426836.jpg,C:\Users\User\comp6001_assignment1\data\processed\coco_rl_restored\426836.jpg,low_blur,45.0,9,1,1,1,0.7017350196838379,0.2872404456138611,0.7017350196838379,0.07900999999947089,0.04613840000001801,0.05221239999991667
550322,C:\Users\User\comp6001_assignment1\data\raw\cocoblur\val2017\000000550322.jpg,C:\Users\User\comp6001_assignment1\data\raw\coco2017\val2017\000000550322.jpg,C:\Users\User\comp6001_assignment1\data\processed\coco_rl_restored\550322.jpg,low_blur,45.0,9,3,1,3,0.8037349581718445,0.6907098889350891,0.8037349581718445,0.24662569999964035,0.11378580000018701,0.14097990000027494
219578,C:\Users\User\comp6001_assignment1\data\raw\cocoblur\val2017\000000219578.jpg,C:\Users\User\comp6001_assignment1\data\raw\coco2017\val2017\000000219578.jpg,C:\Users\User\comp6001_assignment1\data\processed\coco_rl_restored\219578.jpg,medium_blur,16.49999237060547,9,5,3,5,0.3935777544975281,0.2785284221172333,0.3935777544975281,0.07532360000004701,0.05294600000070204,0.06735140000000683
8211,C:\Users\User\comp6001_assignment1\data\raw\cocoblur\val2017\000000008211.jpg,C:\Users\User\comp6001_assignment1\data\raw\coco2017\val2017\000000008211.jpg,C:\Users\User\comp6001_assignment1\data\processed\coco_rl_restored\8211.jpg,low_blur,-1.0,9,4,4,4,0.7445735335350037,0.7077522873878479,0.7445735335350037,0.07513329999983398,0.07096790000014153,0.13186009999935777
23359,C:\Users\User\comp6001_assignment1\data\raw\cocoblur\val2017\000000023359.jpg,C:\Users\User\comp6001_assignment1\data\raw\coco2017\val2017\000000023359.jpg,C:\Users\User\comp6001_assignment1\data\processed\coco_rl_restored\23359.jpg,high_blur,8.999992370605469,9,2,2,2,0.6089844703674316,0.6215106248855591,0.6089844703674316,0.12031690000003437,0.12728750000042055,0.12881500000003143
32038,C:\Users\User\comp6001_assignment1\data\raw\cocoblur\val2017\000000032038.jpg,C:\Users\User\comp6001_assignment1\data\raw\coco2017\val2017\000000032038.jpg,C:\Users\User\comp6001_assignment1\data\processed\coco_rl_restored\32038.jpg,high_blur,45.0,9,1,0,1,0.785185694694519,0.0,0.785185694694519,0.11965309999959572,0.08704059999945457,0.12953060000018013
119445,C:\Users\User\comp6001_assignment1\data\raw\cocoblur\val2017\000000119445.jpg,C:\Users\User\comp6001_assignment1\data\raw\coco2017\val2017\000000119445.jpg,C:\Users\User\comp6001_assignment1\data\processed\coco_rl_restored\119445.jpg,low_blur,8.999992370605469,9,5,3,5,0.6682608127593994,0.7864465713500977,0.6682608127593994,0.07596669999929873,0.0850243999993836,0.08237960000042222
245513,C:\Users\User\comp6001_assignment1\data\raw\cocoblur\val2017\000000245513.jpg,C:\Users\User\comp6001_assignment1\data\raw\coco2017\val2017\000000245513.jpg,C:\Users\User\comp6001_assignment1\data\processed\coco_rl_restored\245513.jpg,medium_blur,-45.0,9,3,1,3,0.6822996735572815,0.8674278855323792,0.6822996735572815,0.07879570000022795,0.05301950000011857,0.06977900000038062
83172,C:\Users\User\comp6001_assignment1\data\raw\cocoblur\val2017\000000083172.jpg,C:\Users\User\comp6001_assignment1\data\raw\coco2017\val2017\000000083172.jpg,C:\Users\User\comp6001_assignment1\data\processed\coco_rl_restored\83172.jpg,medium_blur,0.9999923706054688,9,4,3,4,0.7653493881225586,0.8086113333702087,0.7653493881225586,0.09980839999934688,0.07464919999983977,0.06333679999988817
323895,C:\Users\User\comp6001_assignment1\data\raw\cocoblur\val2017\000000323895.jpg,C:\Users\User\comp6001_assignment1\data\raw\coco2017\val2017\000000323895.jpg,C:\Users\User\comp6001_assignment1\data\processed\coco_rl_restored\323895.jpg,high_blur,-8.000007629394531,9,3,3,3,0.6650462746620178,0.5889431834220886,0.6650462746620178,0.12210360000062792,0.09293710000019928,0.1065930999993725
292060,C:\Users\User\comp6001_assignment1\data\raw\cocoblur\val2017\000000292060.jpg,C:\Users\User\comp6001_assignment1\data\raw\coco2017\val2017\000000292060.jpg,C:\Users\User\comp6001_assignment1\data\processed\coco_rl_restored\292060.jpg,medium_blur,-6.5,9,7,5,7,0.4882800281047821,0.4618496000766754,0.4882800281047821,0.15843859999949927,0.11109479999959149,0.15440019999914512
435299,C:\Users\User\comp6001_assignment1\data\raw\cocoblur\val2017\000000435299.jpg,C:\Users\User\comp6001_assignment1\data\raw\coco2017\val2017\000000435299.jpg,C:\Users\User\comp6001_assignment1\data\processed\coco_rl_restored\435299.jpg,high_blur,-2.0000076293945312,9,1,2,1,0.38805484771728516,0.39486557245254517,0.38805484771728516,0.07308649999959016,0.052416700000321725,0.0550809999995181
383443,C:\Users\User\comp6001_assignment1\data\raw\cocoblur\val2017\000000383443.jpg,C:\Users\User\comp6001_assignment1\data\raw\coco2017\val2017\000000383443.jpg,C:\Users\User\comp6001_assignment1\data\processed\coco_rl_restored\383443.jpg,low_blur,-45.0,9,3,0,3,0.27740320563316345,0.0,0.27740320563316345,0.07320309999977326,0.08919080000032409,0.07587039999998524
368038,C:\Users\User\comp6001_assignment1\data\raw\cocoblur\val2017\000000368038.jpg,C:\Users\User\comp6001_assignment1\data\raw\coco2017\val2017\000000368038.jpg,C:\Users\User\comp6001_assignment1\data\processed\coco_rl_restored\368038.jpg,low_blur,0.4999961853027344,9,1,1,1,0.8269073367118835,0.8334323763847351,0.8269073367118835,0.3191084000000046,0.1192520999993576,0.10501359999943816
482735,C:\Users\User\comp6001_assignment1\data\raw\cocoblur\val2017\000000482735.jpg,C:\Users\User\comp6001_assignment1\data\raw\coco2017\val2017\000000482735.jpg,C:\Users\User\comp6001_assignment1\data\processed\coco_rl_restored\482735.jpg,high_blur,-1.0,9,2,2,2,0.6079279184341431,0.6097651720046997,0.6079279184341431,0.07178279999970982,0.06516610000016954,0.07857929999954649
185472,C:\Users\User\comp6001_assignment1\data\raw\cocoblur\val2017\000000185472.jpg,C:\Users\User\comp6001_assignment1\data\raw\coco2017\val2017\000000185472.jpg,C:\Users\User\comp6001_assignment1\data\processed\coco_rl_restored\185472.jpg,low_blur,-45.0,9,6,6,6,0.6054502129554749,0.6185081601142883,0.6054502129554749,0.26958809999996447,0.13627839999935532,0.11870569999973668
350054,C:\Users\User\comp6001_assignment1\data\raw\cocoblur\val2017\000000350054.jpg,C:\Users\User\comp6001_assignment1\data\raw\coco2017\val2017\000000350054.jpg,C:\Users\User\comp6001_assignment1\data\processed\coco_rl_restored\350054.jpg,medium_blur,11.499996185302734,9,5,1,5,0.46178779006004333,0.26722249388694763,0.46178779006004333,0.14473130000078527,0.09943750000002183,0.14971000000059576
164969,C:\Users\User\comp6001_assignment1\data\raw\cocoblur\val2017\000000164969.jpg,C:\Users\User\comp6001_assignment1\data\raw\coco2017\val2017\000000164969.jpg,C:\Users\User\comp6001_assignment1\data\processed\coco_rl_restored\164969.jpg,medium_blur,45.0,9,1,0,1,0.35438454151153564,0.0,0.35438454151153564,0.10328339999978198,0.07843320000029053,0.09906090000004042
89078,C:\Users\User\comp6001_assignment1\data\raw\cocoblur\val2017\000000089078.jpg,C:\Users\User\comp6001_assignment1\data\raw\coco2017\val2017\000000089078.jpg,C:\Users\User\comp6001_assignment1\data\processed\coco_rl_restored\89078.jpg,high_blur,-45.0,9,1,1,1,0.9067912697792053,0.8025791049003601,0.9067912697792053,0.07197409999935189,0.0908354999992298,0.0584313999997903
77460,C:\Users\User\comp6001_assignment1\data\raw\cocoblur\val2017\000000077460.jpg,C:\Users\User\comp6001_assignment1\data\raw\coco2017\val2017\000000077460.jpg,C:\Users\User\comp6001_assignment1\data\processed\coco_rl_restored\77460.jpg,medium_blur,0.9999923706054688,9,6,3,6,0.46160295605659485,0.4637927711009979,0.46160295605659485,0.09024370000042836,0.12094569999953819,0.1501643999999942
559513,C:\Users\User\comp6001_assignment1\data\raw\cocoblur\val2017\000000559513.jpg,C:\Users\User\comp6001_assignment1\data\raw\coco2017\val2017\000000559513.jpg,C:\Users\User\comp6001_assignment1\data\processed\coco_rl_restored\559513.jpg,high_blur,-0.5,9,2,1,2,0.3727344870567322,0.8416001796722412,0.3727344870567322,0.12476950000018405,0.11657160000049771,0.10051059999932477
447522,C:\Users\User\comp6001_assignment1\data\raw\cocoblur\val2017\000000447522.jpg,C:\Users\User\comp6001_assignment1\data\raw\coco2017\val2017\000000447522.jpg,C:\Users\User\comp6001_assignment1\data\processed\coco_rl_restored\447522.jpg,high_blur,11.999992370605469,9,2,2,2,0.5830854177474976,0.4509669840335846,0.5830854177474976,0.21309199999996054,0.14285870000003342,0.14028130000042438
479448,C:\Users\User\comp6001_assignment1\data\raw\cocoblur\val2017\000000479448.jpg,C:\Users\User\comp6001_assignment1\data\raw\coco2017\val2017\000000479448.jpg,C:\Users\User\comp6001_assignment1\data\processed\coco_rl_restored\479448.jpg,high_blur,-2.0000076293945312,9,4,1,4,0.4979987144470215,0.7629327178001404,0.4979987144470215,0.18148090000067896,0.12489290000030451,0.15627109999968525
52565,C:\Users\User\comp6001_assignment1\data\raw\cocoblur\val2017\000000052565.jpg,C:\Users\User\comp6001_assignment1\data\raw\coco2017\val2017\000000052565.jpg,C:\Users\User\comp6001_assignment1\data\processed\coco_rl_restored\52565.jpg,medium_blur,0.0,9,1,2,1,0.9018131494522095,0.6247208118438721,0.9018131494522095,0.10998840000047494,0.121599399999468,0.10417360000064946
15956,C:\Users\User\comp6001_assignment1\data\raw\cocoblur\val2017\000000015956.jpg,C:\Users\User\comp6001_assignment1\data\raw\coco2017\val2017\000000015956.jpg,C:\Users\User\comp6001_assignment1\data\processed\coco_rl_restored\15956.jpg,high_blur,0.0,9,3,2,3,0.6809194087982178,0.8859591484069824,0.6809194087982178,0.10110470000017813,0.09041499999966618,0.11296009999932721
153217,C:\Users\User\comp6001_assignment1\data\raw\cocoblur\val2017\000000153217.jpg,C:\Users\User\comp6001_assignment1\data\raw\coco2017\val2017\000000153217.jpg,C:\Users\User\comp6001_assignment1\data\processed\coco_rl_restored\153217.jpg,medium_blur,45.0,9,2,2,2,0.7217617034912109,0.6456891298294067,0.7217617034912109,0.12245830000028946,0.13330339999993157,0.10259000000041851
56344,C:\Users\User\comp6001_assignment1\data\raw\cocoblur\val2017\000000056344.jpg,C:\Users\User\comp6001_assignment1\data\raw\coco2017\val2017\000000056344.jpg,C:\Users\User\comp6001_assignment1\data\processed\coco_rl_restored\56344.jpg,high_blur,-3.0000076293945312,9,7,2,7,0.6299540400505066,0.4667239189147949,0.6299540400505066,0.23833569999987958,0.12444359999972221,0.21791600000051403
551815,C:\Users\User\comp6001_assignment1\data\raw\cocoblur\val2017\000000551815.jpg,C:\Users\User\comp6001_assignment1\data\raw\coco2017\val2017\000000551815.jpg,C:\Users\User\comp6001_assignment1\data\processed\coco_rl_restored\551815.jpg,high_blur,14.999992370605469,9,3,3,3,0.4928048849105835,0.3556453287601471,0.4928048849105835,0.11525809999966441,0.07689810000010766,0.06743900000037684
341681,C:\Users\User\comp6001_assignment1\data\raw\cocoblur\val2017\000000341681.jpg,C:\Users\User\comp6001_assignment1\data\raw\coco2017\val2017\000000341681.jpg,C:\Users\User\comp6001_assignment1\data\processed\coco_rl_restored\341681.jpg,high_blur,-7.500003814697266,9,3,3,3,0.7416305541992188,0.695808470249176,0.7416305541992188,0.09561099999973521,0.10009290000016335,0.07941019999998389
400573,C:\Users\User\comp6001_assignment1\data\raw\cocoblur\val2017\000000400573.jpg,C:\Users\User\comp6001_assignment1\data\raw\coco2017\val2017\000000400573.jpg,C:\Users\User\comp6001_assignment1\data\processed\coco_rl_restored\400573.jpg,medium_blur,-45.0,9,1,1,1,0.9305855631828308,0.9217782616615295,0.9305855631828308,0.11910470000020723,0.0921572000006563,0.094526599999881
41872,C:\Users\User\comp6001_assignment1\data\raw\cocoblur\val2017\000000041872.jpg,C:\Users\User\comp6001_assignment1\data\raw\coco2017\val2017\000000041872.jpg,C:\Users\User\comp6001_assignment1\data\processed\coco_rl_restored\41872.jpg,high_blur,-5.500003814697266,9,5,2,5,0.5565469264984131,0.6729457378387451,0.5565469264984131,0.1960722000003443,0.12509100000079343,0.143796299999849
7818,C:\Users\User\comp6001_assignment1\data\raw\cocoblur\val2017\000000007818.jpg,C:\Users\User\comp6001_assignment1\data\raw\coco2017\val2017\000000007818.jpg,C:\Users\User\comp6001_assignment1\data\processed\coco_rl_restored\7818.jpg,high_blur,-4.500007629394531,9,6,2,6,0.4166092574596405,0.3174634575843811,0.4166092574596405,0.15849140000045736,0.11963560000003781,0.1620124000000942
179392,C:\Users\User\comp6001_assignment1\data\raw\cocoblur\val2017\000000179392.jpg,C:\Users\User\comp6001_assignment1\data\raw\coco2017\val2017\000000179392.jpg,C:\Users\User\comp6001_assignment1\data\processed\coco_rl_restored\179392.jpg,high_blur,-45.0,9,0,2,0,0.0,0.39163511991500854,0.0,0.1439987999992809,0.16403559999980644,0.21657689999938157
190637,C:\Users\User\comp6001_assignment1\data\raw\cocoblur\val2017\000000190637.jpg,C:\Users\User\comp6001_assignment1\data\raw\coco2017\val2017\000000190637.jpg,C:\Users\User\comp6001_assignment1\data\processed\coco_rl_restored\190637.jpg,high_blur,-13.500003814697266,9,3,2,3,0.38283371925354004,0.4191036820411682,0.38283371925354004,0.1409313000003749,0.10336989999996149,0.13506130000041594
244833,C:\Users\User\comp6001_assignment1\data\raw\cocoblur\val2017\000000244833.jpg,C:\Users\User\comp6001_assignment1\data\raw\coco2017\val2017\000000244833.jpg,C:\Users\User\comp6001_assignment1\data\processed\coco_rl_restored\244833.jpg,high_blur,45.0,9,2,2,2,0.43239396810531616,0.3993414044380188,0.43239396810531616,0.09741209999992861,0.06993759999932081,0.0667159000004176
514540,C:\Users\User\comp6001_assignment1\data\raw\cocoblur\val2017\000000514540.jpg,C:\Users\User\comp6001_assignment1\data\raw\coco2017\val2017\000000514540.jpg,C:\Users\User\comp6001_assignment1\data\processed\coco_rl_restored\514540.jpg,low_blur,52.99998474121094,9,0,0,0,0.0,0.0,0.0,0.04947160000028816,0.08892999999989115,0.07310289999986708
52413,C:\Users\User\comp6001_assignment1\data\raw\cocoblur\val2017\000000052413.jpg,C:\Users\User\comp6001_assignment1\data\raw\coco2017\val2017\000000052413.jpg,C:\Users\User\comp6001_assignment1\data\processed\coco_rl_restored\52413.jpg,high_blur,27.999988555908203,9,6,2,6,0.5390651226043701,0.2561938762664795,0.5390651226043701,0.08341110000037588,0.052824600000349164,0.07346300000062911
25424,C:\Users\User\comp6001_assignment1\data\raw\cocoblur\val2017\000000025424.jpg,C:\Users\User\comp6001_assignment1\data\raw\coco2017\val2017\000000025424.jpg,C:\Users\User\comp6001_assignment1\data\processed\coco_rl_restored\25424.jpg,high_blur,-4.000007629394531,9,3,4,3,0.7329108119010925,0.5700133442878723,0.7329108119010925,0.13120330000037939,0.13764569999966625,0.12486809999973048
110042,C:\Users\User\comp6001_assignment1\data\raw\cocoblur\val2017\000000110042.jpg,C:\Users\User\comp6001_assignment1\data\raw\coco2017\val2017\000000110042.jpg,C:\Users\User\comp6001_assignment1\data\processed\coco_rl_restored\110042.jpg,low_blur,-45.0,9,9,4,9,0.45340362191200256,0.5966493487358093,0.45340362191200256,0.46489629999996396,0.09691469999961555,0.10643970000000991
157046,C:\Users\User\comp6001_assignment1\data\raw\cocoblur\val2017\000000157046.jpg,C:\Users\User\comp6001_assignment1\data\raw\coco2017\val2017\000000157046.jpg,C:\Users\User\comp6001_assignment1\data\processed\coco_rl_restored\157046.jpg,high_blur,1.4999923706054688,9,1,0,1,0.2785431742668152,0.0,0.2785431742668152,0.0790500000002794,0.052625799999987066,0.05718600000000151
524280,C:\Users\User\comp6001_assignment1\data\raw\cocoblur\val2017\000000524280.jpg,C:\Users\User\comp6001_assignment1\data\raw\coco2017\val2017\000000524280.jpg,C:\Users\User\comp6001_assignment1\data\processed\coco_rl_restored\524280.jpg,medium_blur,45.0,9,4,3,4,0.4037303924560547,0.3803216218948364,0.4037303924560547,0.15774469999996654,0.16284320000067964,0.18585110000003624
157138,C:\Users\User\comp6001_assignment1\data\raw\cocoblur\val2017\000000157138.jpg,C:\Users\User\comp6001_assignment1\data\raw\coco2017\val2017\000000157138.jpg,C:\Users\User\comp6001_assignment1\data\processed\coco_rl_restored\157138.jpg,high_blur,18.99999237060547,9,3,3,3,0.47499385476112366,0.3545898497104645,0.47499385476112366,0.15139509999971779,0.1471149000008154,0.14475240000047052
163951,C:\Users\User\comp6001_assignment1\data\raw\cocoblur\val2017\000000163951.jpg,C:\Users\User\comp6001_assignment1\data\raw\coco2017\val2017\000000163951.jpg,C:\Users\User\comp6001_assignment1\data\processed\coco_rl_restored\163951.jpg,high_blur,64.99998474121094,9,1,2,1,0.2604881227016449,0.4750352203845978,0.2604881227016449,0.05401750000055472,0.06539109999994253,0.04554909999933443
129054,C:\Users\User\comp6001_assignment1\data\raw\cocoblur\val2017\000000129054.jpg,C:\Users\User\comp6001_assignment1\data\raw\coco2017\val2017\000000129054.jpg,C:\Users\User\comp6001_assignment1\data\processed\coco_rl_restored\129054.jpg,medium_blur,-2.5000076293945312,9,13,10,13,0.5600732564926147,0.49749597907066345,0.5600732564926147,0.29421430000002147,0.23353570000017498,0.2774759999992966
485972,C:\Users\User\comp6001_assignment1\data\raw\cocoblur\val2017\000000485972.jpg,C:\Users\User\comp6001_assignment1\data\raw\coco2017\val2017\000000485972.jpg,C:\Users\User\comp6001_assignment1\data\processed\coco_rl_restored\485972.jpg,medium_blur,-45.0,9,3,2,3,0.6059795022010803,0.7937188148498535,0.6059795022010803,0.19880229999944277,0.141614699999991,0.11757659999966563
86956,C:\Users\User\comp6001_assignment1\data\raw\cocoblur\val2017\000000086956.jpg,C:\Users\User\comp6001_assignment1\data\raw\coco2017\val2017\000000086956.jpg,C:\Users\User\comp6001_assignment1\data\processed\coco_rl_restored\86956.jpg,high_blur,45.0,9,4,3,4,0.747080385684967,0.8614718914031982,0.747080385684967,0.26510139999936655,0.16959829999996145,0.18223380000017642
269121,C:\Users\User\comp6001_assignment1\data\raw\cocoblur\val2017\000000269121.jpg,C:\Users\User\comp6001_assignment1\data\raw\coco2017\val2017\000000269121.jpg,C:\Users\User\comp6001_assignment1\data\processed\coco_rl_restored\269121.jpg,medium_blur,-1.0,9,2,2,2,0.7748186588287354,0.7591880559921265,0.7748186588287354,0.14547889999994368,0.18138739999994868,0.22142319999966276
416837,C:\Users\User\comp6001_assignment1\data\raw\cocoblur\val2017\000000416837.jpg,C:\Users\User\comp6001_assignment1\data\raw\coco2017\val2017\000000416837.jpg,C:\Users\User\comp6001_assignment1\data\processed\coco_rl_restored\416837.jpg,low_blur,19.49999237060547,9,1,1,1,0.7252111434936523,0.2728279232978821,0.7252111434936523,0.05755239999962214,0.04679570000007516,0.059701700000005076
244019,C:\Users\User\comp6001_assignment1\data\raw\cocoblur\val2017\000000244019.jpg,C:\Users\User\comp6001_assignment1\data\raw\coco2017\val2017\000000244019.jpg,C:\Users\User\comp6001_assignment1\data\processed\coco_rl_restored\244019.jpg,medium_blur,0.0,9,1,1,1,0.9213150143623352,0.44679832458496094,0.9213150143623352,0.07359880000058183,0.07627830000001268,0.05567759999939881
240023,C:\Users\User\comp6001_assignment1\data\raw\cocoblur\val2017\000000240023.jpg,C:\Users\User\comp6001_assignment1\data\raw\coco2017\val2017\000000240023.jpg,C:\Users\User\comp6001_assignment1\data\processed\coco_rl_restored\240023.jpg,high_blur,0.9999923706054688,9,9,5,9,0.5998559594154358,0.6777372360229492,0.5998559594154358,0.22154760000012175,0.1555398000000423,0.22414520000074845
25057,C:\Users\User\comp6001_assignment1\data\raw\cocoblur\val2017\000000025057.jpg,C:\Users\User\comp6001_assignment1\data\raw\coco2017\val2017\000000025057.jpg,C:\Users\User\comp6001_assignment1\data\processed\coco_rl_restored\25057.jpg,low_blur,11.499992370605469,9,3,4,3,0.8909143805503845,0.7463089227676392,0.8909143805503845,0.0747971000000689,0.0613164999995206,0.07762690000072325
272148,C:\Users\User\comp6001_assignment1\data\raw\cocoblur\val2017\000000272148.jpg,C:\Users\User\comp6001_assignment1\data\raw\coco2017\val2017\000000272148.jpg,C:\Users\User\comp6001_assignment1\data\processed\coco_rl_restored\272148.jpg,medium_blur,3.4999923706054688,9,5,3,5,0.3919371962547302,0.37297844886779785,0.3919371962547302,0.0955073999994056,0.09797059999982594,0.0677600999997594
161032,C:\Users\User\comp6001_assignment1\data\raw\cocoblur\val2017\000000161032.jpg,C:\Users\User\comp6001_assignment1\data\raw\coco2017\val2017\000000161032.jpg,C:\Users\User\comp6001_assignment1\data\processed\coco_rl_restored\161032.jpg,medium_blur,1.4999923706054688,9,3,3,3,0.7704485058784485,0.7867343425750732,0.7704485058784485,0.0646493999993254,0.06455350000032922,0.06110380000063742
125936,C:\Users\User\comp6001_assignment1\data\raw\cocoblur\val2017\000000125936.jpg,C:\Users\User\comp6001_assignment1\data\raw\coco2017\val2017\000000125936.jpg,C:\Users\User\comp6001_assignment1\data\processed\coco_rl_restored\125936.jpg,medium_blur,25.499996185302734,9,5,2,5,0.7131267189979553,0.7434973120689392,0.7131267189979553,0.15185290000044915,0.10868889999983367,0.13612779999948543
561335,C:\Users\User\comp6001_assignment1\data\raw\cocoblur\val2017\000000561335.jpg,C:\Users\User\comp6001_assignment1\data\raw\coco2017\val2017\000000561335.jpg,C:\Users\User\comp6001_assignment1\data\processed\coco_rl_restored\561335.jpg,low_blur,-45.0,9,0,1,0,0.0,0.6806228756904602,0.0,0.12950670000009268,0.13030849999995553,0.10758400000031543
20247,C:\Users\User\comp6001_assignment1\data\raw\cocoblur\val2017\000000020247.jpg,C:\Users\User\comp6001_assignment1\data\raw\coco2017\val2017\000000020247.jpg,C:\Users\User\comp6001_assignment1\data\processed\coco_rl_restored\20247.jpg,medium_blur,2.4999923706054688,9,2,2,2,0.9021157622337341,0.8853904008865356,0.9021157622337341,0.14306010000018432,0.07185370000024704,0.0741385999999693
263425,C:\Users\User\comp6001_assignment1\data\raw\cocoblur\val2017\000000263425.jpg,C:\Users\User\comp6001_assignment1\data\raw\coco2017\val2017\000000263425.jpg,C:\Users\User\comp6001_assignment1\data\processed\coco_rl_restored\263425.jpg,low_blur,18.99999237060547,9,4,4,4,0.5300133228302002,0.5890271663665771,0.5300133228302002,0.09578830000009475,0.08232689999931608,0.07641070000045147
553094,C:\Users\User\comp6001_assignment1\data\raw\cocoblur\val2017\000000553094.jpg,C:\Users\User\comp6001_assignment1\data\raw\coco2017\val2017\000000553094.jpg,C:\Users\User\comp6001_assignment1\data\processed\coco_rl_restored\553094.jpg,high_blur,-45.0,9,1,1,1,0.9291660785675049,0.8827002644538879,0.9291660785675049,0.09103409999988799,0.1109839999999167,0.1087680000000546
256407,C:\Users\User\comp6001_assignment1\data\raw\cocoblur\val2017\000000256407.jpg,C:\Users\User\comp6001_assignment1\data\raw\coco2017\val2017\000000256407.jpg,C:\Users\User\comp6001_assignment1\data\processed\coco_rl_restored\256407.jpg,high_blur,-81.5,9,1,0,1,0.28766581416130066,0.0,0.28766581416130066,0.20845400000052905,0.08513859999948181,0.05744619999950373
555050,C:\Users\User\comp6001_assignment1\data\raw\cocoblur\val2017\000000555050.jpg,C:\Users\User\comp6001_assignment1\data\raw\coco2017\val2017\000000555050.jpg,C:\Users\User\comp6001_assignment1\data\processed\coco_rl_restored\555050.jpg,low_blur,0.9999923706054688,9,10,3,10,0.5362131595611572,0.5906405448913574,0.5362131595611572,0.06759869999950752,0.06884439999976166,0.10107800000059797
326248,C:\Users\User\comp6001_assignment1\data\raw\cocoblur\val2017\000000326248.jpg,C:\Users\User\comp6001_assignment1\data\raw\coco2017\val2017\000000326248.jpg,C:\Users\User\comp6001_assignment1\data\processed\coco_rl_restored\326248.jpg,low_blur,0.0,9,16,10,16,0.605914831161499,0.5262089967727661,0.605914831161499,0.09660789999998087,0.0898642000001928,0.3305771999994249
364557,C:\Users\User\comp6001_assignment1\data\raw\cocoblur\val2017\000000364557.jpg,C:\Users\User\comp6001_assignment1\data\raw\coco2017\val2017\000000364557.jpg,C:\Users\User\comp6001_assignment1\data\processed\coco_rl_restored\364557.jpg,low_blur,0.9999923706054688,9,3,2,3,0.6960976123809814,0.8495064377784729,0.6960976123809814,0.14743369999996503,0.10049620000063442,0.06572020000021439
491757,C:\Users\User\comp6001_assignment1\data\raw\cocoblur\val2017\000000491757.jpg,C:\Users\User\comp6001_assignment1\data\raw\coco2017\val2017\000000491757.jpg,C:\Users\User\comp6001_assignment1\data\processed\coco_rl_restored\491757.jpg,high_blur,-7.0,13,2,2,2,0.8498221635818481,0.7804208993911743,0.8498221635818481,0.12109659999987343,0.10688290000052802,0.1104248000001462
359781,C:\Users\User\comp6001_assignment1\data\raw\cocoblur\val2017\000000359781.jpg,C:\Users\User\comp6001_assignment1\data\raw\coco2017\val2017\000000359781.jpg,C:\Users\User\comp6001_assignment1\data\processed\coco_rl_restored\359781.jpg,low_blur,45.0,9,1,1,1,0.9357170462608337,0.9197648763656616,0.9357170462608337,0.19963019999977405,0.07043960000009974,0.05064130000027944
226984,C:\Users\User\comp6001_assignment1\data\raw\cocoblur\val2017\000000226984.jpg,C:\Users\User\comp6001_assignment1\data\raw\coco2017\val2017\000000226984.jpg,C:\Users\User\comp6001_assignment1\data\processed\coco_rl_restored\226984.jpg,medium_blur,-1.0,9,6,5,6,0.6032368540763855,0.5902725458145142,0.6032368540763855,0.10950270000012097,0.0823497999999745,0.08349660000021686
161642,C:\Users\User\comp6001_assignment1\data\raw\cocoblur\val2017\000000161642.jpg,C:\Users\User\comp6001_assignment1\data\raw\coco2017\val2017\000000161642.jpg,C:\Users\User\comp6001_assignment1\data\processed\coco_rl_restored\161642.jpg,medium_blur,-74.5,9,1,2,1,0.8639447689056396,0.7895033359527588,0.8639447689056396,0.1259842999998,0.13682629999948404,0.1289217000003191
459809,C:\Users\User\comp6001_assignment1\data\raw\cocoblur\val2017\000000459809.jpg,C:\Users\User\comp6001_assignment1\data\raw\coco2017\val2017\000000459809.jpg,C:\Users\User\comp6001_assignment1\data\processed\coco_rl_restored\459809.jpg,high_blur,0.0,21,6,1,6,0.3730904161930084,0.3562738597393036,0.3730904161930084,0.15433089999987715,0.06316629999946599,0.07078980000005686
469174,C:\Users\User\comp6001_assignment1\data\raw\cocoblur\val2017\000000469174.jpg,C:\Users\User\comp6001_assignment1\data\raw\coco2017\val2017\000000469174.jpg,C:\Users\User\comp6001_assignment1\data\processed\coco_rl_restored\469174.jpg,high_blur,0.0,9,2,1,2,0.5976907014846802,0.831470251083374,0.5976907014846802,0.07837330000074871,0.07152250000035565,0.13108439999996335
515077,C:\Users\User\comp6001_assignment1\data\raw\cocoblur\val2017\000000515077.jpg,C:\Users\User\comp6001_assignment1\data\raw\coco2017\val2017\000000515077.jpg,C:\Users\User\comp6001_assignment1\data\processed\coco_rl_restored\515077.jpg,high_blur,2.4999923706054688,9,10,6,10,0.5750519633293152,0.4895460903644562,0.5750519633293152,0.09758270000020275,0.07326730000022508,0.08208620000004885
411817,C:\Users\User\comp6001_assignment1\data\raw\cocoblur\val2017\000000411817.jpg,C:\Users\User\comp6001_assignment1\data\raw\coco2017\val2017\000000411817.jpg,C:\Users\User\comp6001_assignment1\data\processed\coco_rl_restored\411817.jpg,low_blur,22.5,9,11,7,11,0.6809297204017639,0.5572235584259033,0.6809297204017639,0.14335319999918283,0.08432430000084423,0.09517430000050808
114871,C:\Users\User\comp6001_assignment1\data\raw\cocoblur\val2017\000000114871.jpg,C:\Users\User\comp6001_assignment1\data\raw\coco2017\val2017\000000114871.jpg,C:\Users\User\comp6001_assignment1\data\processed\coco_rl_restored\114871.jpg,high_blur,-25.0,9,1,0,1,0.3719693422317505,0.0,0.3719693422317505,0.07836390000011306,0.05311989999972866,0.06227850000050239
18150,C:\Users\User\comp6001_assignment1\data\raw\cocoblur\val2017\000000018150.jpg,C:\Users\User\comp6001_assignment1\data\raw\coco2017\val2017\000000018150.jpg,C:\Users\User\comp6001_assignment1\data\processed\coco_rl_restored\18150.jpg,high_blur,-12.500007629394531,9,3,3,3,0.6428757309913635,0.5396844744682312,0.6428757309913635,0.0788167999999132,0.0732386999998198,0.058808800000406336
428867,C:\Users\User\comp6001_assignment1\data\raw\cocoblur\val2017\000000428867.jpg,C:\Users\User\comp6001_assignment1\data\raw\coco2017\val2017\000000428867.jpg,C:\Users\User\comp6001_assignment1\data\processed\coco_rl_restored\428867.jpg,medium_blur,0.0,9,5,6,5,0.7383209466934204,0.6530209183692932,0.7383209466934204,0.1761594999998124,0.15274119999958202,0.14015440000002855
444879,C:\Users\User\comp6001_assignment1\data\raw\cocoblur\val2017\000000444879.jpg,C:\Users\User\comp6001_assignment1\data\raw\coco2017\val2017\000000444879.jpg,C:\Users\User\comp6001_assignment1\data\processed\coco_rl_restored\444879.jpg,medium_blur,15.999992370605469,9,1,1,1,0.8890807032585144,0.866356611251831,0.8890807032585144,0.2239916999997149,0.06257820000064385,0.07651810000061232
567886,C:\Users\User\comp6001_assignment1\data\raw\cocoblur\val2017\000000567886.jpg,C:\Users\User\comp6001_assignment1\data\raw\coco2017\val2017\000000567886.jpg,C:\Users\User\comp6001_assignment1\data\processed\coco_rl_restored\567886.jpg,high_blur,38.999996185302734,9,4,1,4,0.3885514736175537,0.3388890326023102,0.3885514736175537,0.07488379999995232,0.09897920000003069,0.08888529999967432
453001,C:\Users\User\comp6001_assignment1\data\raw\cocoblur\val2017\000000453001.jpg,C:\Users\User\comp6001_assignment1\data\raw\coco2017\val2017\000000453001.jpg,C:\Users\User\comp6001_assignment1\data\processed\coco_rl_restored\453001.jpg,low_blur,45.0,9,5,4,5,0.5902138948440552,0.6973720192909241,0.5902138948440552,0.202826499999901,0.15118770000026416,0.14931939999951283
520659,C:\Users\User\comp6001_assignment1\data\raw\cocoblur\val2017\000000520659.jpg,C:\Users\User\comp6001_assignment1\data\raw\coco2017\val2017\000000520659.jpg,C:\Users\User\comp6001_assignment1\data\processed\coco_rl_restored\520659.jpg,low_blur,0.9999923706054688,9,8,3,8,0.3879854679107666,0.4184831380844116,0.3879854679107666,0.10300569999981235,0.060370700000021316,0.08446069999990868
374083,C:\Users\User\comp6001_assignment1\data\raw\cocoblur\val2017\000000374083.jpg,C:\Users\User\comp6001_assignment1\data\raw\coco2017\val2017\000000374083.jpg,C:\Users\User\comp6001_assignment1\data\processed\coco_rl_restored\374083.jpg,high_blur,45.0,9,4,2,4,0.6858622431755066,0.4653691053390503,0.6858622431755066,0.1214270000000397,0.05916049999996176,0.07092660000034812
344816,C:\Users\User\comp6001_assignment1\data\raw\cocoblur\val2017\000000344816.jpg,C:\Users\User\comp6001_assignment1\data\raw\coco2017\val2017\000000344816.jpg,C:\Users\User\comp6001_assignment1\data\processed\coco_rl_restored\344816.jpg,low_blur,0.0,9,1,1,1,0.8122633695602417,0.8440816402435303,0.8122633695602417,0.20581599999968603,0.11233799999990879,0.1667397000001074
414676,C:\Users\User\comp6001_assignment1\data\raw\cocoblur\val2017\000000414676.jpg,C:\Users\User\comp6001_assignment1\data\raw\coco2017\val2017\000000414676.jpg,C:\Users\User\comp6001_assignment1\data\processed\coco_rl_restored\414676.jpg,low_blur,-73.5,9,0,0,0,0.0,0.0,0.0,0.06771130000015546,0.06732360000023618,0.05024940000021161
334530,C:\Users\User\comp6001_assignment1\data\raw\cocoblur\val2017\000000334530.jpg,C:\Users\User\comp6001_assignment1\data\raw\coco2017\val2017\000000334530.jpg,C:\Users\User\comp6001_assignment1\data\processed\coco_rl_restored\334530.jpg,medium_blur,-45.0,9,2,2,2,0.7219862937927246,0.6729463934898376,0.7219862937927246,0.07649030000084167,0.08264899999994668,0.04775100000006205
297022,C:\Users\User\comp6001_assignment1\data\raw\cocoblur\val2017\000000297022.jpg,C:\Users\User\comp6001_assignment1\data\raw\coco2017\val2017\000000297022.jpg,C:\Users\User\comp6001_assignment1\data\processed\coco_rl_restored\297022.jpg,low_blur,5.999992370605469,9,2,1,2,0.6059299111366272,0.8224198818206787,0.6059299111366272,0.14102079999975103,0.06683179999981803,0.07037970000055793
165518,C:\Users\User\comp6001_assignment1\data\raw\cocoblur\val2017\000000165518.jpg,C:\Users\User\comp6001_assignment1\data\raw\coco2017\val2017\000000165518.jpg,C:\Users\User\comp6001_assignment1\data\processed\coco_rl_restored\165518.jpg,high_blur,25.99999237060547,13,2,1,2,0.6855751872062683,0.7258338332176208,0.6855751872062683,0.16417010000077426,0.10874599999988277,0.15464809999957652
453722,C:\Users\User\comp6001_assignment1\data\raw\cocoblur\val2017\000000453722.jpg,C:\Users\User\comp6001_assignment1\data\raw\coco2017\val2017\000000453722.jpg,C:\Users\User\comp6001_assignment1\data\processed\coco_rl_restored\453722.jpg,high_blur,1.9999923706054688,9,5,3,5,0.5577739477157593,0.6913588643074036,0.5577739477157593,0.18051930000001448,0.15263919999961217,0.1749919999992926
544444,C:\Users\User\comp6001_assignment1\data\raw\cocoblur\val2017\000000544444.jpg,C:\Users\User\comp6001_assignment1\data\raw\coco2017\val2017\000000544444.jpg,C:\Users\User\comp6001_assignment1\data\processed\coco_rl_restored\544444.jpg,high_blur,59.0,9,1,2,1,0.9271504878997803,0.6595188975334167,0.9271504878997803,0.07699659999980213,0.08928329999980633,0.06137920000037411
570471,C:\Users\User\comp6001_assignment1\data\raw\cocoblur\val2017\000000570471.jpg,C:\Users\User\comp6001_assignment1\data\raw\coco2017\val2017\000000570471.jpg,C:\Users\User\comp6001_assignment1\data\processed\coco_rl_restored\570471.jpg,medium_blur,45.0,9,7,3,7,0.39412227272987366,0.3353706896305084,0.39412227272987366,0.06789649999973335,0.07632350000039878,0.07247839999945427
213605,C:\Users\User\comp6001_assignment1\data\raw\cocoblur\val2017\000000213605.jpg,C:\Users\User\comp6001_assignment1\data\raw\coco2017\val2017\000000213605.jpg,C:\Users\User\comp6001_assignment1\data\processed\coco_rl_restored\213605.jpg,medium_blur,45.0,9,5,3,5,0.5320039987564087,0.6353211402893066,0.5320039987564087,0.14596650000021327,0.16917099999955099,0.11881129999983386
885,C:\Users\User\comp6001_assignment1\data\raw\cocoblur\val2017\000000000885.jpg,C:\Users\User\comp6001_assignment1\data\raw\coco2017\val2017\000000000885.jpg,C:\Users\User\comp6001_assignment1\data\processed\coco_rl_restored\885.jpg,high_blur,-1.0,9,4,3,4,0.6667979955673218,0.7133342623710632,0.6667979955673218,0.11415049999959592,0.07280739999987418,0.06012319999990723
335328,C:\Users\User\comp6001_assignment1\data\raw\cocoblur\val2017\000000335328.jpg,C:\Users\User\comp6001_assignment1\data\raw\coco2017\val2017\000000335328.jpg,C:\Users\User\comp6001_assignment1\data\processed\coco_rl_restored\335328.jpg,low_blur,45.0,9,4,3,4,0.4828808307647705,0.3945293426513672,0.4828808307647705,0.350717700000132,0.055302100000517385,0.06068989999948826
329323,C:\Users\User\comp6001_assignment1\data\raw\cocoblur\val2017\000000329323.jpg,C:\Users\User\comp6001_assignment1\data\raw\coco2017\val2017\000000329323.jpg,C:\Users\User\comp6001_assignment1\data\processed\coco_rl_restored\329323.jpg,medium_blur,57.99998474121094,9,15,11,15,0.4587351381778717,0.4314805865287781,0.4587351381778717,0.2928323999994973,0.24412019999999757,0.2704364000001078
425221,C:\Users\User\comp6001_assignment1\data\raw\cocoblur\val2017\000000425221.jpg,C:\Users\User\comp6001_assignment1\data\raw\coco2017\val2017\000000425221.jpg,C:\Users\User\comp6001_assignment1\data\processed\coco_rl_restored\425221.jpg,medium_blur,1.9999923706054688,9,1,1,1,0.7625187635421753,0.8578708171844482,0.7625187635421753,0.09999760000027891,0.09145650000027672,0.08312079999996058
15079,C:\Users\User\comp6001_assignment1\data\raw\cocoblur\val2017\000000015079.jpg,C:\Users\User\comp6001_assignment1\data\raw\coco2017\val2017\000000015079.jpg,C:\Users\User\comp6001_assignment1\data\processed\coco_rl_restored\15079.jpg,high_blur,30.499996185302734,9,3,2,3,0.5645142197608948,0.5361281037330627,0.5645142197608948,0.08971219999966706,0.05996569999933854,0.07008749999931752
241668,C:\Users\User\comp6001_assignment1\data\raw\cocoblur\val2017\000000241668.jpg,C:\Users\User\comp6001_assignment1\data\raw\coco2017\val2017\000000241668.jpg,C:\Users\User\comp6001_assignment1\data\processed\coco_rl_restored\241668.jpg,high_blur,63.49998474121094,9,2,1,2,0.6150360703468323,0.7700278759002686,0.6150360703468323,0.08609439999963797,0.0774758000006841,0.06699750000007043
363840,C:\Users\User\comp6001_assignment1\data\raw\cocoblur\val2017\000000363840.jpg,C:\Users\User\comp6001_assignment1\data\raw\coco2017\val2017\000000363840.jpg,C:\Users\User\comp6001_assignment1\data\processed\coco_rl_restored\363840.jpg,low_blur,-10.000007629394531,9,7,7,7,0.8162539601325989,0.6504855751991272,0.8162539601325989,0.09702399999969202,0.09143260000018927,0.10524480000003678
98716,C:\Users\User\comp6001_assignment1\data\raw\cocoblur\val2017\000000098716.jpg,C:\Users\User\comp6001_assignment1\data\raw\coco2017\val2017\000000098716.jpg,C:\Users\User\comp6001_assignment1\data\processed\coco_rl_restored\98716.jpg,low_blur,-1.0,9,5,7,5,0.8121916055679321,0.4456513226032257,0.8121916055679321,0.18838529999993625,0.19448379999994359,0.16845540000031178
133000,C:\Users\User\comp6001_assignment1\data\raw\cocoblur\val2017\000000133000.jpg,C:\Users\User\comp6001_assignment1\data\raw\coco2017\val2017\000000133000.jpg,C:\Users\User\comp6001_assignment1\data\processed\coco_rl_restored\133000.jpg,low_blur,0.0,9,2,2,2,0.5430128574371338,0.3396661877632141,0.5430128574371338,0.0572176000005129,0.0493663999995988,0.07227440000042407
15497,C:\Users\User\comp6001_assignment1\data\raw\cocoblur\val2017\000000015497.jpg,C:\Users\User\comp6001_assignment1\data\raw\coco2017\val2017\000000015497.jpg,C:\Users\User\comp6001_assignment1\data\processed\coco_rl_restored\15497.jpg,high_blur,-38.500003814697266,9,3,4,3,0.5465078949928284,0.4989313781261444,0.5465078949928284,0.12433300000066083,0.170438600000125,0.13628420000077313
416104,C:\Users\User\comp6001_assignment1\data\raw\cocoblur\val2017\000000416104.jpg,C:\Users\User\comp6001_assignment1\data\raw\coco2017\val2017\000000416104.jpg,C:\Users\User\comp6001_assignment1\data\processed\coco_rl_restored\416104.jpg,medium_blur,-4.000007629394531,9,25,17,25,0.5886224508285522,0.5925631523132324,0.5886224508285522,0.6287252000001899,0.3233994000001985,0.2898635999999897
125472,C:\Users\User\comp6001_assignment1\data\raw\cocoblur\val2017\000000125472.jpg,C:\Users\User\comp6001_assignment1\data\raw\coco2017\val2017\000000125472.jpg,C:\Users\User\comp6001_assignment1\data\processed\coco_rl_restored\125472.jpg,low_blur,-64.0,9,2,3,2,0.8403863906860352,0.6485317349433899,0.8403863906860352,0.16704599999957281,0.07484560000011697,0.07097699999940232
183049,C:\Users\User\comp6001_assignment1\data\raw\cocoblur\val2017\000000183049.jpg,C:\Users\User\comp6001_assignment1\data\raw\coco2017\val2017\000000183049.jpg,C:\Users\User\comp6001_assignment1\data\processed\coco_rl_restored\183049.jpg,low_blur,-45.0,9,17,12,17,0.4243808686733246,0.39421042799949646,0.4243808686733246,0.3050436000003174,0.0830789999999979,0.1168681999997716
348481,C:\Users\User\comp6001_assignment1\data\raw\cocoblur\val2017\000000348481.jpg,C:\Users\User\comp6001_assignment1\data\raw\coco2017\val2017\000000348481.jpg,C:\Users\User\comp6001_assignment1\data\processed\coco_rl_restored\348481.jpg,low_blur,41.0,9,7,1,7,0.5858274102210999,0.8041359782218933,0.5858274102210999,0.08642700000018522,0.06435890000011568,0.0944934999997713
232489,C:\Users\User\comp6001_assignment1\data\raw\cocoblur\val2017\000000232489.jpg,C:\Users\User\comp6001_assignment1\data\raw\coco2017\val2017\000000232489.jpg,C:\Users\User\comp6001_assignment1\data\processed\coco_rl_restored\232489.jpg,high_blur,4.499996185302734,9,2,1,2,0.4489412307739258,0.25017625093460083,0.4489412307739258,0.1347132999999303,0.1291628999997556,0.13705300000037823
396200,C:\Users\User\comp6001_assignment1\data\raw\cocoblur\val2017\000000396200.jpg,C:\Users\User\comp6001_assignment1\data\raw\coco2017\val2017\000000396200.jpg,C:\Users\User\comp6001_assignment1\data\processed\coco_rl_restored\396200.jpg,medium_blur,45.0,9,13,6,13,0.5009340047836304,0.6663587093353271,0.5009340047836304,0.1144627000003311,0.09076920000006794,0.11835270000028686
207585,C:\Users\User\comp6001_assignment1\data\raw\cocoblur\val2017\000000207585.jpg,C:\Users\User\comp6001_assignment1\data\raw\coco2017\val2017\000000207585.jpg,C:\Users\User\comp6001_assignment1\data\processed\coco_rl_restored\207585.jpg,low_blur,45.0,9,3,4,3,0.7132486701011658,0.5303754806518555,0.7132486701011658,0.2065906999996514,0.1145978999993531,0.07808819999991101
311392,C:\Users\User\comp6001_assignment1\data\raw\cocoblur\val2017\000000311392.jpg,C:\Users\User\comp6001_assignment1\data\raw\coco2017\val2017\000000311392.jpg,C:\Users\User\comp6001_assignment1\data\processed\coco_rl_restored\311392.jpg,medium_blur,0.0,9,3,2,3,0.5427191853523254,0.51017826795578,0.5427191853523254,0.09449620000032155,0.06169270000009419,0.08273219999955472
351609,C:\Users\User\comp6001_assignment1\data\raw\cocoblur\val2017\000000351609.jpg,C:\Users\User\comp6001_assignment1\data\raw\coco2017\val2017\000000351609.jpg,C:\Users\User\comp6001_assignment1\data\processed\coco_rl_restored\351609.jpg,high_blur,-3.5000076293945312,9,3,2,3,0.348796010017395,0.48927995562553406,0.348796010017395,0.09136229999967327,0.06071239999982936,0.06225500000073225
53505,C:\Users\User\comp6001_assignment1\data\raw\cocoblur\val2017\000000053505.jpg,C:\Users\User\comp6001_assignment1\data\raw\coco2017\val2017\000000053505.jpg,C:\Users\User\comp6001_assignment1\data\processed\coco_rl_restored\53505.jpg,high_blur,-2.0000076293945312,9,1,1,1,0.9088131189346313,0.9193461537361145,0.9088131189346313,0.11193629999979748,0.10406160000002274,0.10203960000035295
378605,C:\Users\User\comp6001_assignment1\data\raw\cocoblur\val2017\000000378605.jpg,C:\Users\User\comp6001_assignment1\data\raw\coco2017\val2017\000000378605.jpg,C:\Users\User\comp6001_assignment1\data\processed\coco_rl_restored\378605.jpg,medium_blur,-45.0,9,3,4,3,0.6739923357963562,0.5949404239654541,0.6739923357963562,0.13339819999964675,0.1353914999999688,0.1214601000001494
471087,C:\Users\User\comp6001_assignment1\data\raw\cocoblur\val2017\000000471087.jpg,C:\Users\User\comp6001_assignment1\data\raw\coco2017\val2017\000000471087.jpg,C:\Users\User\comp6001_assignment1\data\processed\coco_rl_restored\471087.jpg,low_blur,-45.0,9,2,1,2,0.8422794342041016,0.9330942630767822,0.8422794342041016,0.36198270000022603,0.07059140000001207,0.06039859999964392
404922,C:\Users\User\comp6001_assignment1\data\raw\cocoblur\val2017\000000404922.jpg,C:\Users\User\comp6001_assignment1\data\raw\coco2017\val2017\000000404922.jpg,C:\Users\User\comp6001_assignment1\data\processed\coco_rl_restored\404922.jpg,high_blur,-48.5,9,4,5,4,0.8415684700012207,0.684805691242218,0.8415684700012207,0.12676790000023175,0.07559450000007928,0.08081940000010945
30494,C:\Users\User\comp6001_assignment1\data\raw\cocoblur\val2017\000000030494.jpg,C:\Users\User\comp6001_assignment1\data\raw\coco2017\val2017\000000030494.jpg,C:\Users\User\comp6001_assignment1\data\processed\coco_rl_restored\30494.jpg,low_blur,-45.0,9,1,1,1,0.8369072079658508,0.8000561594963074,0.8369072079658508,0.11069119999956456,0.14392180000049848,0.13509249999970052
199236,C:\Users\User\comp6001_assignment1\data\raw\cocoblur\val2017\000000199236.jpg,C:\Users\User\comp6001_assignment1\data\raw\coco2017\val2017\000000199236.jpg,C:\Users\User\comp6001_assignment1\data\processed\coco_rl_restored\199236.jpg,medium_blur,3.4999923706054688,9,19,9,19,0.4707533121109009,0.4985402822494507,0.4707533121109009,0.13268370000059804,0.09521729999960371,0.12657760000001872
536947,C:\Users\User\comp6001_assignment1\data\raw\cocoblur\val2017\000000536947.jpg,C:\Users\User\comp6001_assignment1\data\raw\coco2017\val2017\000000536947.jpg,C:\Users\User\comp6001_assignment1\data\processed\coco_rl_restored\536947.jpg,medium_blur,83.99998474121094,9,3,4,3,0.5209797024726868,0.3394366204738617,0.5209797024726868,0.07005829999980051,0.08149600000069768,0.06851310000001831
334521,C:\Users\User\comp6001_assignment1\data\raw\cocoblur\val2017\000000334521.jpg,C:\Users\User\comp6001_assignment1\data\raw\coco2017\val2017\000000334521.jpg,C:\Users\User\comp6001_assignment1\data\processed\coco_rl_restored\334521.jpg,low_blur,0.4999961853027344,9,0,0,0,0.0,0.0,0.0,0.08420219999970868,0.08564030000070488,0.0855626000002303
223789,C:\Users\User\comp6001_assignment1\data\raw\cocoblur\val2017\000000223789.jpg,C:\Users\User\comp6001_assignment1\data\raw\coco2017\val2017\000000223789.jpg,C:\Users\User\comp6001_assignment1\data\processed\coco_rl_restored\223789.jpg,high_blur,29.999996185302734,9,1,2,1,0.5658264756202698,0.4291762113571167,0.5658264756202698,0.2114518999997017,0.13017849999960163,0.09857990000000427
9914,C:\Users\User\comp6001_assignment1\data\raw\cocoblur\val2017\000000009914.jpg,C:\Users\User\comp6001_assignment1\data\raw\coco2017\val2017\000000009914.jpg,C:\Users\User\comp6001_assignment1\data\processed\coco_rl_restored\9914.jpg,medium_blur,45.0,9,2,1,2,0.4585244059562683,0.3471704125404358,0.4585244059562683,0.08731900000020687,0.07614929999999731,0.06698080000023765
324614,C:\Users\User\comp6001_assignment1\data\raw\cocoblur\val2017\000000324614.jpg,C:\Users\User\comp6001_assignment1\data\raw\coco2017\val2017\000000324614.jpg,C:\Users\User\comp6001_assignment1\data\processed\coco_rl_restored\324614.jpg,high_blur,56.49999237060547,9,1,1,1,0.9275693297386169,0.933883011341095,0.9275693297386169,0.09958449999976438,0.08533160000024509,0.05747069999961241
413689,C:\Users\User\comp6001_assignment1\data\raw\cocoblur\val2017\000000413689.jpg,C:\Users\User\comp6001_assignment1\data\raw\coco2017\val2017\000000413689.jpg,C:\Users\User\comp6001_assignment1\data\processed\coco_rl_restored\413689.jpg,low_blur,12.999992370605469,9,9,7,9,0.5898038148880005,0.5968855619430542,0.5898038148880005,0.146859399999812,0.09315289999995002,0.07331179999982851
427055,C:\Users\User\comp6001_assignment1\data\raw\cocoblur\val2017\000000427055.jpg,C:\Users\User\comp6001_assignment1\data\raw\coco2017\val2017\000000427055.jpg,C:\Users\User\comp6001_assignment1\data\processed\coco_rl_restored\427055.jpg,low_blur,33.4999885559082,9,4,1,4,0.431769460439682,0.6642725467681885,0.431769460439682,0.11763710000013816,0.13582789999964007,0.1281328000004578
424721,C:\Users\User\comp6001_assignment1\data\raw\cocoblur\val2017\000000424721.jpg,C:\Users\User\comp6001_assignment1\data\raw\coco2017\val2017\000000424721.jpg,C:\Users\User\comp6001_assignment1\data\processed\coco_rl_restored\424721.jpg,high_blur,-45.0,9,3,2,3,0.35519179701805115,0.4966661334037781,0.35519179701805115,0.05164229999991221,0.05288269999982731,0.05615219999981491
60507,C:\Users\User\comp6001_assignment1\data\raw\cocoblur\val2017\000000060507.jpg,C:\Users\User\comp6001_assignment1\data\raw\coco2017\val2017\000000060507.jpg,C:\Users\User\comp6001_assignment1\data\processed\coco_rl_restored\60507.jpg,medium_blur,-4.000007629394531,9,9,3,9,0.5091850757598877,0.5629763007164001,0.5091850757598877,0.15562349999981961,0.09375580000050832,0.1510877000000619
216739,C:\Users\User\comp6001_assignment1\data\raw\cocoblur\val2017\000000216739.jpg,C:\Users\User\comp6001_assignment1\data\raw\coco2017\val2017\000000216739.jpg,C:\Users\User\comp6001_assignment1\data\processed\coco_rl_restored\216739.jpg,medium_blur,-41.5,9,1,1,1,0.9476468563079834,0.9357544183731079,0.9476468563079834,0.09161149999999907,0.048025399999460205,0.057808700000350655
80022,C:\Users\User\comp6001_assignment1\data\raw\cocoblur\val2017\000000080022.jpg,C:\Users\User\comp6001_assignment1\data\raw\coco2017\val2017\000000080022.jpg,C:\Users\User\comp6001_assignment1\data\processed\coco_rl_restored\80022.jpg,high_blur,2.9999923706054688,9,3,3,3,0.8303380012512207,0.6257256269454956,0.8303380012512207,0.06037190000006376,0.05446399999982532,0.08892930000001797
441247,C:\Users\User\comp6001_assignment1\data\raw\cocoblur\val2017\000000441247.jpg,C:\Users\User\comp6001_assignment1\data\raw\coco2017\val2017\000000441247.jpg,C:\Users\User\comp6001_assignment1\data\processed\coco_rl_restored\441247.jpg,medium_blur,-10.500007629394531,9,11,7,11,0.5921697616577148,0.5522502064704895,0.5921697616577148,0.13642720000007102,0.13402010000027076,0.11837190000005648
457884,C:\Users\User\comp6001_assignment1\data\raw\cocoblur\val2017\000000457884.jpg,C:\Users\User\comp6001_assignment1\data\raw\coco2017\val2017\000000457884.jpg,C:\Users\User\comp6001_assignment1\data\processed\coco_rl_restored\457884.jpg,low_blur,-0.5,9,3,3,3,0.9056515693664551,0.8617432713508606,0.9056515693664551,0.1795441000003848,0.14888209999935498,0.1401189999996859
543043,C:\Users\User\comp6001_assignment1\data\raw\cocoblur\val2017\000000543043.jpg,C:\Users\User\comp6001_assignment1\data\raw\coco2017\val2017\000000543043.jpg,C:\Users\User\comp6001_assignment1\data\processed\coco_rl_restored\543043.jpg,low_blur,-45.0,9,2,1,2,0.6367833614349365,0.9508846998214722,0.6367833614349365,0.10994510000000446,0.10167530000035185,0.07522820000031061
231508,C:\Users\User\comp6001_assignment1\data\raw\cocoblur\val2017\000000231508.jpg,C:\Users\User\comp6001_assignment1\data\raw\coco2017\val2017\000000231508.jpg,C:\Users\User\comp6001_assignment1\data\processed\coco_rl_restored\231508.jpg,low_blur,-45.0,9,9,2,9,0.5364980101585388,0.5784615278244019,0.5364980101585388,0.144153200000801,0.12947340000027907,0.1173505999995541
129492,C:\Users\User\comp6001_assignment1\data\raw\cocoblur\val2017\000000129492.jpg,C:\Users\User\comp6001_assignment1\data\raw\coco2017\val2017\000000129492.jpg,C:\Users\User\comp6001_assignment1\data\processed\coco_rl_restored\129492.jpg,medium_blur,-21.50000762939453,9,9,8,9,0.5235040783882141,0.49242672324180603,0.5235040783882141,0.18152050000026065,0.09533929999997781,0.10436479999953008
97585,C:\Users\User\comp6001_assignment1\data\raw\cocoblur\val2017\000000097585.jpg,C:\Users\User\comp6001_assignment1\data\raw\coco2017\val2017\000000097585.jpg,C:\Users\User\comp6001_assignment1\data\processed\coco_rl_restored\97585.jpg,medium_blur,85.49998474121094,9,9,8,9,0.4727118909358978,0.4325082004070282,0.4727118909358978,0.1315190999994229,0.0900472000002992,0.10971929999959684
324715,C:\Users\User\comp6001_assignment1\data\raw\cocoblur\val2017\000000324715.jpg,C:\Users\User\comp6001_assignment1\data\raw\coco2017\val2017\000000324715.jpg,C:\Users\User\comp6001_assignment1\data\processed\coco_rl_restored\324715.jpg,high_blur,-16.00000762939453,9,3,3,3,0.7213111519813538,0.7053132057189941,0.7213111519813538,0.05904319999990548,0.07181520000085584,0.054241300000285264
445792,C:\Users\User\comp6001_assignment1\data\raw\cocoblur\val2017\000000445792.jpg,C:\Users\User\comp6001_assignment1\data\raw\coco2017\val2017\000000445792.jpg,C:\Users\User\comp6001_assignment1\data\processed\coco_rl_restored\445792.jpg,high_blur,-1.5000038146972656,9,2,2,2,0.4503284990787506,0.42136701941490173,0.4503284990787506,0.11963419999938196,0.12508100000013656,0.11583609999979672
507667,C:\Users\User\comp6001_assignment1\data\raw\cocoblur\val2017\000000507667.jpg,C:\Users\User\comp6001_assignment1\data\raw\coco2017\val2017\000000507667.jpg,C:\Users\User\comp6001_assignment1\data\processed\coco_rl_restored\507667.jpg,medium_blur,3.4999923706054688,9,7,4,7,0.5909646153450012,0.31688380241394043,0.5909646153450012,0.24009079999996175,0.20751519999976153,0.21444549999978335
