image_id,blur_detection_count,rl_detection_count,sharp_detection_count,blur_avg_conf,rl_avg_conf,sharp_avg_conf,rl_detection_gain,rl_conf_gain
173183,0,0,0,0.0,0.0,0.0,0,0.0
297681,2,3,2,0.5552932024002075,0.33759334683418274,0.5552932024002075,1,-0.21769985556602478
306733,3,3,3,0.5678618550300598,0.44112133979797363,0.5678618550300598,0,-0.12674051523208618
125806,3,2,3,0.5103447437286377,0.7859886884689331,0.5103447437286377,-1,0.2756439447402954
82807,3,2,3,0.5369355082511902,0.5649828314781189,0.5369355082511902,-1,0.02804732322692871
10977,4,2,4,0.5240150094032288,0.6256142258644104,0.5240150094032288,-2,0.10159921646118164
67180,2,1,2,0.6162430047988892,0.7864153385162354,0.6162430047988892,-1,0.1701723337173462
286708,1,1,1,0.7220604419708252,0.7676859498023987,0.7220604419708252,0,0.045625507831573486
280325,2,0,2,0.5972381234169006,0.0,0.5972381234169006,-2,-0.5972381234169006
183716,4,3,4,0.661844789981842,0.6980311870574951,0.661844789981842,-1,0.036186397075653076
286507,1,1,1,0.8632217645645142,0.8022903203964233,0.8632217645645142,0,-0.06093144416809082
23666,1,1,1,0.6784647107124329,0.5392564535140991,0.6784647107124329,0,-0.13920825719833374
108244,2,3,2,0.6247331500053406,0.5399642586708069,0.6247331500053406,1,-0.08476889133453369
92660,8,4,8,0.39061853289604187,0.3738839626312256,0.39061853289604187,-4,-0.016734570264816284
350003,4,3,4,0.6609041690826416,0.4876542091369629,0.6609041690826416,-1,-0.1732499599456787
410487,2,0,2,0.3302573561668396,0.0,0.3302573561668396,-2,-0.3302573561668396
127517,10,5,10,0.7695861458778381,0.7151734232902527,0.7695861458778381,-5,-0.05441272258758545
386879,2,2,2,0.7537484169006348,0.79439377784729,0.7537484169006348,0,0.04064536094665527
199442,2,1,2,0.7178491353988647,0.6370116472244263,0.7178491353988647,-1,-0.08083748817443848
128598,13,12,13,0.48277461528778076,0.47277089953422546,0.48277461528778076,-1,-0.010003715753555298
109827,1,1,1,0.8699029088020325,0.32308050990104675,0.8699029088020325,0,-0.5468223989009857
353027,1,2,1,0.3081390857696533,0.3745976686477661,0.3081390857696533,1,0.06645858287811279
131938,2,2,2,0.48060548305511475,0.4024568200111389,0.48060548305511475,0,-0.07814866304397583
74860,2,2,2,0.8291689157485962,0.8111695051193237,0.8291689157485962,0,-0.01799941062927246
554838,4,4,4,0.6074013113975525,0.35508978366851807,0.6074013113975525,0,-0.2523115277290344
57149,4,2,4,0.4855831265449524,0.6283823251724243,0.4855831265449524,-2,0.14279919862747192
469828,1,2,1,0.8088564276695251,0.6166864633560181,0.8088564276695251,1,-0.19216996431350708
35963,2,0,2,0.6218750476837158,0.0,0.6218750476837158,-2,-0.6218750476837158
545730,8,6,8,0.6714414358139038,0.6158239245414734,0.6714414358139038,-2,-0.05561751127243042
54967,12,4,12,0.5089666843414307,0.4898827373981476,0.5089666843414307,-8,-0.01908394694328308
226130,1,1,1,0.4781481921672821,0.5851380228996277,0.4781481921672821,0,0.10698983073234558
44260,0,0,0,0.0,0.0,0.0,0,0.0
563702,5,1,5,0.5347436666488647,0.35280799865722656,0.5347436666488647,-4,-0.18193566799163818
566042,5,2,5,0.5429638624191284,0.6544280648231506,0.5429638624191284,-3,0.11146420240402222
200961,4,4,4,0.6696312427520752,0.6394149661064148,0.6696312427520752,0,-0.0302162766456604
290771,7,4,7,0.5277464985847473,0.5113711953163147,0.5277464985847473,-3,-0.016375303268432617
415716,6,5,6,0.6132298111915588,0.5234553217887878,0.6132298111915588,-1,-0.089774489402771
499622,2,1,2,0.5619621872901917,0.7576397657394409,0.5619621872901917,-1,0.19567757844924927
578093,1,1,1,0.8993894457817078,0.8479809165000916,0.8993894457817078,0,-0.05140852928161621
240940,4,3,4,0.5880341529846191,0.501062273979187,0.5880341529846191,-1,-0.08697187900543213
416745,2,1,2,0.6598286628723145,0.8128502368927002,0.6598286628723145,-1,0.15302157402038574
475779,1,1,1,0.9106959700584412,0.9083001613616943,0.9106959700584412,0,-0.002395808696746826
2473,3,2,3,0.7519629001617432,0.6385835409164429,0.7519629001617432,-1,-0.11337935924530029
6771,8,9,8,0.6331602931022644,0.5848078727722168,0.6331602931022644,1,-0.04835242033004761
98497,3,0,3,0.41893601417541504,0.0,0.41893601417541504,-3,-0.41893601417541504
453708,10,6,10,0.5546251535415649,0.5582828521728516,0.5546251535415649,-4,0.003657698631286621
438876,3,3,3,0.7375800609588623,0.6577463150024414,0.7375800609588623,0,-0.0798337459564209
537964,1,1,1,0.904327929019928,0.887213945388794,0.904327929019928,0,-0.017113983631134033
365642,9,5,9,0.4577459692955017,0.5509594082832336,0.4577459692955017,-4,0.09321343898773193
307658,1,1,1,0.8335311412811279,0.9161030054092407,0.8335311412811279,0,0.08257186412811279
535253,1,0,1,0.38905587792396545,0.0,0.38905587792396545,-1,-0.38905587792396545
537270,10,10,10,0.5494241714477539,0.49515265226364136,0.5494241714477539,0,-0.05427151918411255
284725,6,3,6,0.5950083136558533,0.7488263249397278,0.5950083136558533,-3,0.1538180112838745
329319,2,2,2,0.5122709274291992,0.5671481490135193,0.5122709274291992,0,0.05487722158432007
134689,1,2,1,0.8554895520210266,0.5689406394958496,0.8554895520210266,1,-0.286548912525177
356432,3,3,3,0.7770478129386902,0.763085126876831,0.7770478129386902,0,-0.01396268606185913
130579,2,3,2,0.9001741409301758,0.7090255618095398,0.9001741409301758,1,-0.191148579120636
17115,2,2,2,0.9032115936279297,0.8615528345108032,0.9032115936279297,0,-0.041658759117126465
190648,2,2,2,0.6906698942184448,0.6447781324386597,0.6906698942184448,0,-0.045891761779785156
296317,5,2,5,0.48832201957702637,0.5764480829238892,0.48832201957702637,-3,0.08812606334686279
275392,2,2,2,0.8419432640075684,0.8439648151397705,0.8419432640075684,0,0.0020215511322021484
509014,17,9,17,0.45704182982444763,0.4317656457424164,0.45704182982444763,-8,-0.02527618408203125
491867,5,5,5,0.7142978310585022,0.6938762068748474,0.7142978310585022,0,-0.020421624183654785
449312,2,2,2,0.7889263033866882,0.6853517293930054,0.7889263033866882,0,-0.10357457399368286
2149,3,1,3,0.6954427361488342,0.25343582034111023,0.6954427361488342,-2,-0.442006915807724
304180,5,2,5,0.6268014907836914,0.8932621479034424,0.6268014907836914,-3,0.266460657119751
384949,3,2,3,0.520458996295929,0.4924722909927368,0.520458996295929,-1,-0.02798670530319214
255912,2,0,2,0.27457308769226074,0.0,0.27457308769226074,-2,-0.27457308769226074
426836,1,1,1,0.7017350196838379,0.2872404456138611,0.7017350196838379,0,-0.4144945740699768
550322,3,1,3,0.8037349581718445,0.6907098889350891,0.8037349581718445,-2,-0.11302506923675537
219578,5,3,5,0.3935777544975281,0.2785284221172333,0.3935777544975281,-2,-0.1150493323802948
8211,4,4,4,0.7445735335350037,0.7077522873878479,0.7445735335350037,0,-0.03682124614715576
23359,2,2,2,0.6089844703674316,0.6215106248855591,0.6089844703674316,0,0.012526154518127441
32038,1,0,1,0.785185694694519,0.0,0.785185694694519,-1,-0.785185694694519
119445,5,3,5,0.6682608127593994,0.7864465713500977,0.6682608127593994,-2,0.11818575859069824
245513,3,1,3,0.6822996735572815,0.8674278855323792,0.6822996735572815,-2,0.18512821197509766
83172,4,3,4,0.7653493881225586,0.8086113333702087,0.7653493881225586,-1,0.043261945247650146
323895,3,3,3,0.6650462746620178,0.5889431834220886,0.6650462746620178,0,-0.0761030912399292
292060,7,5,7,0.4882800281047821,0.4618496000766754,0.4882800281047821,-2,-0.02643042802810669
435299,1,2,1,0.38805484771728516,0.39486557245254517,0.38805484771728516,1,0.00681072473526001
383443,3,0,3,0.27740320563316345,0.0,0.27740320563316345,-3,-0.27740320563316345
368038,1,1,1,0.8269073367118835,0.8334323763847351,0.8269073367118835,0,0.0065250396728515625
482735,2,2,2,0.6079279184341431,0.6097651720046997,0.6079279184341431,0,0.0018372535705566406
185472,6,6,6,0.6054502129554749,0.6185081601142883,0.6054502129554749,0,0.013057947158813477
350054,5,1,5,0.46178779006004333,0.26722249388694763,0.46178779006004333,-4,-0.1945652961730957
164969,1,0,1,0.35438454151153564,0.0,0.35438454151153564,-1,-0.35438454151153564
89078,1,1,1,0.9067912697792053,0.8025791049003601,0.9067912697792053,0,-0.10421216487884521
77460,6,3,6,0.46160295605659485,0.4637927711009979,0.46160295605659485,-3,0.002189815044403076
559513,2,1,2,0.3727344870567322,0.8416001796722412,0.3727344870567322,-1,0.46886569261550903
447522,2,2,2,0.5830854177474976,0.4509669840335846,0.5830854177474976,0,-0.13211843371391296
479448,4,1,4,0.4979987144470215,0.7629327178001404,0.4979987144470215,-3,0.2649340033531189
52565,1,2,1,0.9018131494522095,0.6247208118438721,0.9018131494522095,1,-0.2770923376083374
15956,3,2,3,0.6809194087982178,0.8859591484069824,0.6809194087982178,-1,0.20503973960876465
153217,2,2,2,0.7217617034912109,0.6456891298294067,0.7217617034912109,0,-0.0760725736618042
56344,7,2,7,0.6299540400505066,0.4667239189147949,0.6299540400505066,-5,-0.16323012113571167
551815,3,3,3,0.4928048849105835,0.3556453287601471,0.4928048849105835,0,-0.1371595561504364
341681,3,3,3,0.7416305541992188,0.695808470249176,0.7416305541992188,0,-0.045822083950042725
400573,1,1,1,0.9305855631828308,0.9217782616615295,0.9305855631828308,0,-0.00880730152130127
41872,5,2,5,0.5565469264984131,0.6729457378387451,0.5565469264984131,-3,0.11639881134033203
7818,6,2,6,0.4166092574596405,0.3174634575843811,0.4166092574596405,-4,-0.0991457998752594
179392,0,2,0,0.0,0.39163511991500854,0.0,2,0.39163511991500854
190637,3,2,3,0.38283371925354004,0.4191036820411682,0.38283371925354004,-1,0.036269962787628174
244833,2,2,2,0.43239396810531616,0.3993414044380188,0.43239396810531616,0,-0.03305256366729736
514540,0,0,0,0.0,0.0,0.0,0,0.0
52413,6,2,6,0.5390651226043701,0.2561938762664795,0.5390651226043701,-4,-0.2828712463378906
25424,3,4,3,0.7329108119010925,0.5700133442878723,0.7329108119010925,1,-0.16289746761322021
110042,9,4,9,0.45340362191200256,0.5966493487358093,0.45340362191200256,-5,0.14324572682380676
157046,1,0,1,0.2785431742668152,0.0,0.2785431742668152,-1,-0.2785431742668152
524280,4,3,4,0.4037303924560547,0.3803216218948364,0.4037303924560547,-1,-0.02340877056121826
157138,3,3,3,0.47499385476112366,0.3545898497104645,0.47499385476112366,0,-0.12040400505065918
163951,1,2,1,0.2604881227016449,0.4750352203845978,0.2604881227016449,1,0.21454709768295288
129054,13,10,13,0.5600732564926147,0.49749597907066345,0.5600732564926147,-3,-0.0625772774219513
485972,3,2,3,0.6059795022010803,0.7937188148498535,0.6059795022010803,-1,0.1877393126487732
86956,4,3,4,0.747080385684967,0.8614718914031982,0.747080385684967,-1,0.1143915057182312
269121,2,2,2,0.7748186588287354,0.7591880559921265,0.7748186588287354,0,-0.015630602836608887
416837,1,1,1,0.7252111434936523,0.2728279232978821,0.7252111434936523,0,-0.45238322019577026
244019,1,1,1,0.9213150143623352,0.44679832458496094,0.9213150143623352,0,-0.47451668977737427
240023,9,5,9,0.5998559594154358,0.6777372360229492,0.5998559594154358,-4,0.07788127660751343
25057,3,4,3,0.8909143805503845,0.7463089227676392,0.8909143805503845,1,-0.14460545778274536
272148,5,3,5,0.3919371962547302,0.37297844886779785,0.3919371962547302,-2,-0.018958747386932373
161032,3,3,3,0.7704485058784485,0.7867343425750732,0.7704485058784485,0,0.016285836696624756
125936,5,2,5,0.7131267189979553,0.7434973120689392,0.7131267189979553,-3,0.030370593070983887
561335,0,1,0,0.0,0.6806228756904602,0.0,1,0.6806228756904602
20247,2,2,2,0.9021157622337341,0.8853904008865356,0.9021157622337341,0,-0.016725361347198486
263425,4,4,4,0.5300133228302002,0.5890271663665771,0.5300133228302002,0,0.05901384353637695
553094,1,1,1,0.9291660785675049,0.8827002644538879,0.9291660785675049,0,-0.04646581411361694
256407,1,0,1,0.28766581416130066,0.0,0.28766581416130066,-1,-0.28766581416130066
555050,10,3,10,0.5362131595611572,0.5906405448913574,0.5362131595611572,-7,0.054427385330200195
326248,16,10,16,0.605914831161499,0.5262089967727661,0.605914831161499,-6,-0.07970583438873291
364557,3,2,3,0.6960976123809814,0.8495064377784729,0.6960976123809814,-1,0.15340882539749146
491757,2,2,2,0.8498221635818481,0.7804208993911743,0.8498221635818481,0,-0.06940126419067383
359781,1,1,1,0.9357170462608337,0.9197648763656616,0.9357170462608337,0,-0.01595216989517212
226984,6,5,6,0.6032368540763855,0.5902725458145142,0.6032368540763855,-1,-0.012964308261871338
161642,1,2,1,0.8639447689056396,0.7895033359527588,0.8639447689056396,1,-0.07444143295288086
459809,6,1,6,0.3730904161930084,0.3562738597393036,0.3730904161930084,-5,-0.016816556453704834
469174,2,1,2,0.5976907014846802,0.831470251083374,0.5976907014846802,-1,0.23377954959869385
515077,10,6,10,0.5750519633293152,0.4895460903644562,0.5750519633293152,-4,-0.08550587296485901
411817,11,7,11,0.6809297204017639,0.5572235584259033,0.6809297204017639,-4,-0.1237061619758606
114871,1,0,1,0.3719693422317505,0.0,0.3719693422317505,-1,-0.3719693422317505
18150,3,3,3,0.6428757309913635,0.5396844744682312,0.6428757309913635,0,-0.10319125652313232
428867,5,6,5,0.7383209466934204,0.6530209183692932,0.7383209466934204,1,-0.0853000283241272
444879,1,1,1,0.8890807032585144,0.866356611251831,0.8890807032585144,0,-0.02272409200668335
567886,4,1,4,0.3885514736175537,0.3388890326023102,0.3885514736175537,-3,-0.04966244101524353
453001,5,4,5,0.5902138948440552,0.6973720192909241,0.5902138948440552,-1,0.1071581244468689
520659,8,3,8,0.3879854679107666,0.4184831380844116,0.3879854679107666,-5,0.03049767017364502
374083,4,2,4,0.6858622431755066,0.4653691053390503,0.6858622431755066,-2,-0.2204931378364563
344816,1,1,1,0.8122633695602417,0.8440816402435303,0.8122633695602417,0,0.031818270683288574
414676,0,0,0,0.0,0.0,0.0,0,0.0
334530,2,2,2,0.7219862937927246,0.6729463934898376,0.7219862937927246,0,-0.04903990030288696
297022,2,1,2,0.6059299111366272,0.8224198818206787,0.6059299111366272,-1,0.2164899706840515
165518,2,1,2,0.6855751872062683,0.7258338332176208,0.6855751872062683,-1,0.04025864601135254
453722,5,3,5,0.5577739477157593,0.6913588643074036,0.5577739477157593,-2,0.1335849165916443
544444,1,2,1,0.9271504878997803,0.6595188975334167,0.9271504878997803,1,-0.2676315903663635
570471,7,3,7,0.39412227272987366,0.3353706896305084,0.39412227272987366,-4,-0.058751583099365234
213605,5,3,5,0.5320039987564087,0.6353211402893066,0.5320039987564087,-2,0.10331714153289795
885,4,3,4,0.6667979955673218,0.7133342623710632,0.6667979955673218,-1,0.046536266803741455
335328,4,3,4,0.4828808307647705,0.3945293426513672,0.4828808307647705,-1,-0.08835148811340332
329323,15,11,15,0.4587351381778717,0.4314805865287781,0.4587351381778717,-4,-0.027254551649093628
425221,1,1,1,0.7625187635421753,0.8578708171844482,0.7625187635421753,0,0.09535205364227295
15079,3,2,3,0.5645142197608948,0.5361281037330627,0.5645142197608948,-1,-0.02838611602783203
241668,2,1,2,0.6150360703468323,0.7700278759002686,0.6150360703468323,-1,0.15499180555343628
363840,7,7,7,0.8162539601325989,0.6504855751991272,0.8162539601325989,0,-0.16576838493347168
98716,5,7,5,0.8121916055679321,0.4456513226032257,0.8121916055679321,2,-0.3665402829647064
133000,2,2,2,0.5430128574371338,0.3396661877632141,0.5430128574371338,0,-0.20334666967391968
15497,3,4,3,0.5465078949928284,0.4989313781261444,0.5465078949928284,1,-0.04757651686668396
416104,25,17,25,0.5886224508285522,0.5925631523132324,0.5886224508285522,-8,0.003940701484680176
125472,2,3,2,0.8403863906860352,0.6485317349433899,0.8403863906860352,1,-0.19185465574264526
183049,17,12,17,0.4243808686733246,0.39421042799949646,0.4243808686733246,-5,-0.030170440673828125
348481,7,1,7,0.5858274102210999,0.8041359782218933,0.5858274102210999,-6,0.21830856800079346
232489,2,1,2,0.4489412307739258,0.25017625093460083,0.4489412307739258,-1,-0.19876497983932495
396200,13,6,13,0.5009340047836304,0.6663587093353271,0.5009340047836304,-7,0.16542470455169678
207585,3,4,3,0.7132486701011658,0.5303754806518555,0.7132486701011658,1,-0.1828731894493103
311392,3,2,3,0.5427191853523254,0.51017826795578,0.5427191853523254,-1,-0.03254091739654541
351609,3,2,3,0.348796010017395,0.48927995562553406,0.348796010017395,-1,0.14048394560813904
53505,1,1,1,0.9088131189346313,0.9193461537361145,0.9088131189346313,0,0.010533034801483154
378605,3,4,3,0.6739923357963562,0.5949404239654541,0.6739923357963562,1,-0.0790519118309021
471087,2,1,2,0.8422794342041016,0.9330942630767822,0.8422794342041016,-1,0.09081482887268066
404922,4,5,4,0.8415684700012207,0.684805691242218,0.8415684700012207,1,-0.15676277875900269
30494,1,1,1,0.8369072079658508,0.8000561594963074,0.8369072079658508,0,-0.03685104846954346
199236,19,9,19,0.4707533121109009,0.4985402822494507,0.4707533121109009,-10,0.027786970138549805
536947,3,4,3,0.5209797024726868,0.3394366204738617,0.5209797024726868,1,-0.18154308199882507
334521,0,0,0,0.0,0.0,0.0,0,0.0
223789,1,2,1,0.5658264756202698,0.4291762113571167,0.5658264756202698,1,-0.13665026426315308
9914,2,1,2,0.4585244059562683,0.3471704125404358,0.4585244059562683,-1,-0.11135399341583252
324614,1,1,1,0.9275693297386169,0.933883011341095,0.9275693297386169,0,0.006313681602478027
413689,9,7,9,0.5898038148880005,0.5968855619430542,0.5898038148880005,-2,0.007081747055053711
427055,4,1,4,0.431769460439682,0.6642725467681885,0.431769460439682,-3,0.23250308632850647
424721,3,2,3,0.35519179701805115,0.4966661334037781,0.35519179701805115,-1,0.14147433638572693
60507,9,3,9,0.5091850757598877,0.5629763007164001,0.5091850757598877,-6,0.05379122495651245
216739,1,1,1,0.9476468563079834,0.9357544183731079,0.9476468563079834,0,-0.011892437934875488
80022,3,3,3,0.8303380012512207,0.6257256269454956,0.8303380012512207,0,-0.2046123743057251
441247,11,7,11,0.5921697616577148,0.5522502064704895,0.5921697616577148,-4,-0.03991955518722534
457884,3,3,3,0.9056515693664551,0.8617432713508606,0.9056515693664551,0,-0.04390829801559448
543043,2,1,2,0.6367833614349365,0.9508846998214722,0.6367833614349365,-1,0.31410133838653564
231508,9,2,9,0.5364980101585388,0.5784615278244019,0.5364980101585388,-7,0.04196351766586304
129492,9,8,9,0.5235040783882141,0.49242672324180603,0.5235040783882141,-1,-0.03107735514640808
97585,9,8,9,0.4727118909358978,0.4325082004070282,0.4727118909358978,-1,-0.04020369052886963
324715,3,3,3,0.7213111519813538,0.7053132057189941,0.7213111519813538,0,-0.01599794626235962
445792,2,2,2,0.4503284990787506,0.42136701941490173,0.4503284990787506,0,-0.028961479663848877
507667,7,4,7,0.5909646153450012,0.31688380241394043,0.5909646153450012,-3,-0.2740808129310608
